customer_id,days_since_last_order,total_orders,total_money,rfm_segment
14646,1,74,280206.02,555
18102,0,60,259657.30,555
17450,7,46,194550.79,555
16446,0,2,168472.50,535
14911,0,201,143825.06,555
12415,23,21,124914.53,455
14156,9,55,117379.63,555
17511,2,31,91062.38,555
16029,38,63,81024.84,355
12346,325,1,77183.60,115
16684,3,28,66653.56,555
14096,3,17,65164.79,555
13694,3,50,65039.62,555
15311,0,91,60767.90,555
13089,2,97,58825.83,555
17949,0,45,58510.48,555
15769,6,26,56252.72,555
15061,3,48,54534.14,555
14298,7,44,51527.30,555
14088,9,13,50491.81,555
15749,234,3,44534.30,145
12931,21,15,42055.96,455
17841,1,124,40991.57,555
15098,181,3,39916.50,145
13798,0,57,37153.85,555
16013,3,47,37130.60,555
16422,16,51,34684.40,455
12748,0,210,33719.73,555
15838,10,19,33643.08,555
17404,3,15,31906.82,555
17389,0,34,31833.68,555
13098,0,28,28882.44,555
14680,24,16,28754.11,455
13081,11,11,28337.38,555
13408,1,62,28117.04,555
17857,3,23,26879.04,555
16333,7,22,26626.80,555
13777,0,33,25977.16,555
12753,22,6,21429.39,455
12744,51,7,21279.29,355
16210,1,18,21086.30,555
17675,0,31,20374.28,555
17381,8,29,20275.61,555
15039,9,47,19914.44,555
12471,1,30,19824.05,555
12731,23,12,18895.91,455
15159,1,30,18641.01,555
12901,8,28,17654.54,555
12678,41,12,17628.46,355
14031,6,19,17286.86,555
17428,0,28,17256.85,555
13767,1,37,17220.36,555
13881,3,20,17159.52,555
16839,8,34,16594.35,555
12921,8,37,16587.09,555
14607,15,14,16569.50,455
15856,3,27,16387.57,555
17677,1,30,16363.23,555
15189,0,41,16225.39,555
14051,0,23,15610.39,555
15513,32,19,14758.22,355
16133,3,33,14589.04,555
14866,10,12,14389.90,555
16705,0,20,14034.99,555
12681,14,22,13787.54,455
12621,1,20,13689.67,555
12540,19,17,13400.24,455
12433,0,7,13375.87,555
15498,2,27,13316.40,555
12477,22,6,13219.74,455
17735,1,19,13110.02,555
16525,1,26,13027.45,555
14258,8,9,12669.98,555
13078,2,26,12627.94,555
12536,42,3,12601.83,335
15640,3,15,12515.66,555
16000,2,3,12393.70,535
17340,29,11,12353.29,455
12682,3,31,12288.22,555
13113,0,24,12245.96,555
14606,0,93,12156.65,555
12557,15,5,11990.96,445
12939,63,8,11581.80,355
15125,24,15,11528.48,455
14194,4,21,11349.52,555
12971,3,86,11189.91,555
14895,7,20,11138.71,555
12409,78,3,11072.67,235
15482,15,12,11054.96,455
17581,0,25,11045.04,555
13319,4,26,10845.55,555
17107,32,6,10815.43,355
13340,44,7,10736.48,355
14769,2,8,10674.75,555
17139,15,12,10668.47,455
16779,1,22,10629.72,555
17865,30,20,10526.32,455
17706,3,17,10504.49,555
15251,8,11,10484.99,555
14062,9,12,10464.85,555
15615,9,23,10399.74,555
15502,15,12,10384.93,455
16180,99,8,10254.18,255
16843,42,16,10196.57,355
12590,210,2,9864.26,135
13001,3,13,9818.82,555
13199,3,38,9817.12,555
15078,6,32,9743.11,555
12709,14,15,9736.52,455
13458,6,14,9646.57,555
14733,15,12,9585.91,455
16523,1,21,9418.47,555
12567,22,10,9401.28,455
14367,7,16,9261.52,555
14667,10,25,9241.20,555
18092,1,11,9068.26,555
13969,6,18,9053.94,555
12451,10,5,9035.52,545
13488,16,13,8968.31,455
13090,8,14,8910.82,555
16033,5,20,8816.40,555
17017,2,20,8694.26,555
17243,0,26,8676.85,555
17306,10,19,8631.31,555
16656,21,15,8625.80,455
14527,2,55,8508.82,555
12683,3,15,8476.57,555
18139,17,6,8438.34,455
15358,4,22,8347.20,555
16558,0,20,8338.49,555
14056,0,23,8214.65,555
14936,33,8,8137.02,355
16672,1,20,8134.94,555
13854,8,25,8109.52,555
14952,59,11,8099.49,355
18109,1,26,8052.97,555
14796,0,17,8022.49,555
12428,25,9,7956.46,455
15290,4,18,7943.22,555
14849,21,25,7930.54,455
12757,15,13,7857.10,455
17811,3,39,7837.73,555
13093,274,8,7832.47,155
12435,79,2,7829.89,235
13629,22,11,7792.36,455
15044,18,17,7700.23,455
15194,2,15,7616.53,555
18172,14,20,7561.68,455
13263,0,35,7454.07,555
12474,16,18,7375.79,455
12980,157,9,7374.90,255
15465,19,18,7354.62,455
17396,38,8,7330.80,355
12583,2,15,7281.38,555
13018,15,28,7277.70,455
18229,11,20,7276.90,555
16923,11,19,7247.61,555
16729,37,21,7239.92,355
16745,86,17,7194.30,255
16873,4,6,7123.62,555
13324,35,10,7121.95,355
13985,3,15,7060.13,555
14961,10,9,7044.68,555
12766,3,7,6989.63,555
12798,9,3,6977.04,535
12989,2,15,6924.11,555
16713,18,15,6923.13,455
13027,113,6,6912.00,255
16187,31,15,6911.44,455
17416,29,7,6893.42,455
12705,14,9,6868.29,455
12476,15,11,6816.42,455
12830,37,6,6814.64,355
15023,2,11,6802.76,555
18055,6,10,6784.19,555
15601,10,14,6776.56,555
16652,58,7,6773.97,355
16532,17,3,6748.80,435
13576,9,18,6717.34,555
16746,4,18,6697.66,555
15249,31,13,6688.46,455
16353,3,23,6675.71,555
17338,16,8,6643.93,455
12626,22,9,6620.48,455
16182,71,4,6617.65,345
15144,7,17,6580.44,555
12472,31,7,6572.11,455
16814,13,21,6509.10,455
12431,35,15,6487.45,355
18223,4,14,6484.54,555
15694,0,14,6479.40,555
13225,2,7,6463.84,555
13102,0,24,6424.09,555
13871,22,13,6403.25,455
12359,57,4,6372.58,345
13668,2,21,6363.59,555
13709,3,13,6328.05,555
15005,15,28,6316.57,455
17315,1,38,6292.26,555
16126,28,4,6287.77,445
14057,23,17,6217.96,455
12357,32,1,6207.67,315
14060,4,19,6140.42,555
13418,11,18,6127.43,555
17509,57,8,6115.14,355
15939,89,15,6115.01,255
14735,3,32,6065.69,555
12637,66,8,6021.90,355
13097,32,10,6010.42,355
13316,36,4,5977.73,345
14101,73,6,5976.79,255
15382,14,6,5955.71,455
14505,16,8,5905.64,455
14415,0,13,5900.28,555
14944,29,12,5900.25,455
13209,29,8,5891.61,455
13534,1,25,5870.08,555
13050,14,17,5836.86,455
12720,2,25,5781.73,555
15218,10,11,5756.89,555
17686,6,7,5739.46,555
13178,25,11,5725.47,455
16553,162,12,5719.82,255
13468,1,37,5704.97,555
14110,3,12,5683.15,555
14049,16,4,5681.72,445
17049,2,9,5659.98,555
17716,22,11,5655.99,455
13004,11,18,5655.91,555
18118,10,26,5653.82,555
14688,7,21,5630.87,555
17757,0,30,5605.29,555
12481,22,10,5596.32,455
12839,2,14,5591.42,555
16767,30,11,5580.60,455
16161,1,19,5575.56,555
12539,21,4,5568.35,445
15805,22,17,5528.48,455
18225,2,12,5509.12,555
16609,14,7,5493.46,455
16985,16,10,5464.12,455
16265,8,9,5447.00,555
18198,3,17,5425.56,555
12490,4,10,5417.93,555
17809,15,12,5411.91,455
16701,8,13,5398.30,555
17719,37,15,5396.04,355
17850,371,34,5391.21,155
16303,25,3,5360.63,435
13269,0,15,5346.23,555
15150,16,10,5314.47,455
17730,2,13,5298.48,555
17061,73,11,5232.23,255
18226,43,11,5228.05,355
12362,2,10,5226.23,555
15046,8,15,5213.77,555
16258,44,5,5203.51,345
13756,1,14,5189.52,555
16191,2,13,5180.52,555
15727,16,7,5178.96,455
17858,5,12,5155.66,555
13599,0,21,5153.67,555
15903,9,7,5126.76,555
13941,21,5,5112.96,445
17602,1,6,5102.97,555
16700,8,13,5076.55,555
14562,3,18,5074.77,555
15301,50,12,5070.35,355
13139,15,7,5064.94,455
12432,42,5,5059.32,345
15719,32,13,5045.61,355
17426,7,6,5037.26,555
14329,16,7,5014.84,455
14755,9,11,5010.28,555
12444,20,5,5005.46,445
15032,255,3,4959.10,135
15547,6,14,4954.84,555
12437,1,18,4951.41,555
12700,7,4,4939.99,545
15786,45,3,4932.20,335
14709,14,13,4921.04,455
17133,15,7,4892.24,455
12664,7,9,4881.88,555
12688,113,1,4873.81,215
14292,7,9,4871.93,555
17652,24,12,4867.72,455
15738,18,16,4812.42,455
13013,0,13,4810.94,555
15555,11,16,4805.17,555
17365,12,8,4801.56,555
15298,1,12,4799.90,555
15187,1,16,4777.18,555
17690,29,15,4757.95,455
12955,0,11,4757.16,555
14180,10,25,4748.52,555
15152,9,13,4745.69,555
16722,16,13,4730.81,455
12714,8,5,4708.86,545
14159,19,11,4693.01,455
14135,1,15,4690.31,555
14191,1,13,4684.76,555
15291,25,15,4668.30,455
14189,1,15,4654.08,555
14390,9,9,4652.82,555
14286,23,3,4628.75,435
16931,4,21,4604.22,555
13802,138,3,4599.42,235
15093,17,6,4597.02,455
14004,42,7,4582.64,355
17613,22,14,4559.15,455
17068,11,21,4552.14,555
12484,32,6,4541.72,355
13267,2,19,4521.49,555
15299,66,7,4507.01,355
17975,14,13,4488.81,455
12524,8,8,4485.72,555
14426,23,10,4481.67,455
16984,87,2,4481.35,235
17364,0,11,4481.18,555
12627,10,7,4478.53,555
14085,1,18,4448.54,555
14534,2,18,4447.05,555
13069,0,24,4436.12,555
15955,23,14,4416.26,455
16626,0,17,4413.10,555
15874,63,7,4405.88,355
12712,28,13,4396.13,455
13505,72,4,4393.63,245
12752,80,1,4366.78,215
16945,21,19,4345.50,455
14016,161,4,4341.21,245
14800,47,12,4339.74,355
14525,19,9,4332.20,455
17567,6,8,4331.48,555
18251,86,1,4314.72,225
12347,1,7,4310.00,555
15034,15,8,4308.61,455
17937,8,7,4301.22,555
14422,0,6,4263.64,555
12500,22,11,4257.82,455
17419,10,12,4226.57,555
14277,14,3,4216.20,435
15804,0,13,4206.39,555
17920,3,17,4204.10,555
15971,17,12,4199.85,455
12747,1,11,4196.01,555
14146,8,5,4191.00,545
18041,11,21,4183.39,555
12949,30,8,4167.22,455
15570,6,12,4165.52,555
16549,9,10,4154.64,555
13384,30,7,4151.93,455
13555,73,4,4149.28,245
13988,19,6,4147.96,455
15514,11,11,4139.46,555
12569,1,32,4124.69,555
16592,3,16,4113.68,555
17940,48,10,4106.44,355
17377,23,20,4100.92,455
16401,0,12,4098.32,555
16670,16,11,4095.90,455
12749,3,5,4090.88,545
14092,7,14,4076.91,555
12449,21,4,4067.29,445
18087,97,2,4055.72,235
14401,3,13,4051.48,555
12656,16,5,4051.17,445
12867,25,7,4036.82,455
13815,21,4,4027.36,445
12841,4,25,4022.35,555
12957,9,8,4017.54,555
12378,129,1,4008.62,225
14547,3,8,4007.54,555
16186,22,12,4006.94,455
17769,12,10,3997.98,555
15529,22,11,3995.23,455
17001,0,11,3989.57,555
15416,64,4,3984.32,345
17611,6,15,3984.22,555
12779,37,8,3981.36,355
12727,10,7,3980.70,555
14299,7,9,3965.62,555
13523,32,5,3964.88,445
13183,7,9,3957.78,555
17651,11,10,3945.00,555
12473,28,5,3938.55,445
17593,3,5,3927.34,545
14739,3,7,3902.28,555
13999,9,12,3901.81,555
14291,1,11,3883.25,555
18073,113,12,3877.52,255
13124,89,3,3866.33,245
15195,2,1,3861.00,515
16717,23,6,3858.38,455
12662,0,11,3849.78,555
16327,13,6,3844.22,455
13266,10,12,3834.26,555
17091,2,9,3827.76,555
15867,4,15,3812.64,555
12755,279,2,3811.95,135
12597,18,4,3811.22,445
13435,4,7,3809.89,555
12668,11,4,3807.15,545
16145,8,11,3799.49,555
16655,17,6,3794.52,455
16168,10,27,3787.60,555
16019,46,9,3786.24,355
12562,7,7,3781.74,555
17173,4,8,3766.60,555
16904,3,16,3754.27,555
12429,8,4,3750.40,545
17238,2,17,3744.65,555
14145,46,4,3742.20,345
13552,65,12,3740.07,355
16570,14,10,3738.40,455
15808,305,4,3734.97,145
14282,2,15,3729.34,555
12502,95,5,3723.87,245
12647,21,12,3722.82,455
13680,0,4,3722.42,545
16240,23,2,3718.80,435
14364,108,8,3717.35,255
15845,17,8,3711.77,455
15622,42,9,3709.56,355
13148,28,12,3707.12,455
17819,71,7,3704.87,255
15379,168,7,3703.29,255
12553,7,10,3692.28,555
16253,66,2,3683.86,335
15581,120,13,3679.97,255
15296,50,6,3672.86,355
18079,44,4,3651.97,345
13137,10,8,3650.41,555
12417,2,9,3649.10,555
16712,8,11,3645.43,555
13426,0,10,3641.32,555
12619,15,9,3641.24,455
16440,7,5,3640.67,545
13381,31,6,3639.31,455
17230,263,8,3638.41,155
14543,28,16,3630.33,455
17528,0,8,3628.50,555
13327,38,8,3627.77,355
13520,58,6,3624.35,345
17576,7,19,3622.68,555
14040,40,12,3614.92,355
13082,125,9,3613.63,255
15505,52,5,3610.96,345
15113,9,3,3609.33,545
16242,7,7,3603.21,555
15484,0,4,3594.31,545
14132,1,11,3586.03,555
17203,35,6,3563.85,345
17491,0,10,3558.87,555
15544,8,9,3546.71,555
12370,50,4,3545.69,345
14503,2,6,3543.26,545
13448,16,6,3539.37,445
13334,81,3,3536.82,245
12454,55,1,3528.34,315
17160,30,6,3518.03,455
13953,6,7,3515.68,555
16360,4,6,3512.53,555
14395,1,9,3507.71,555
16131,51,6,3506.54,355
14907,2,7,3501.10,555
16458,2,18,3482.74,555
13993,42,9,3466.36,355
13014,10,10,3466.28,555
17758,18,8,3456.70,455
15410,83,8,3450.84,255
13536,0,7,3448.29,555
15129,49,11,3447.40,355
15974,38,7,3442.15,355
17725,15,11,3439.08,455
15676,18,3,3435.76,445
14221,41,9,3432.80,355
12406,21,2,3415.30,435
15981,24,8,3408.48,455
13437,13,7,3408.06,455
17669,42,7,3406.72,355
13198,9,6,3401.24,555
15228,65,4,3386.71,345
13842,58,9,3385.62,355
15708,40,7,3364.24,355
16011,7,16,3362.71,555
14227,25,10,3350.96,455
16818,10,11,3349.57,555
16607,17,14,3347.71,455
17183,7,6,3347.31,555
13015,52,5,3346.28,345
12643,127,6,3344.64,255
12613,56,5,3344.38,345
12594,37,10,3338.22,355
16556,66,7,3313.79,355
13373,60,3,3312.25,345
14841,52,6,3295.76,355
14702,0,17,3292.14,555
15632,15,8,3285.31,455
12480,27,4,3281.63,445
15764,87,6,3279.97,255
17723,126,6,3276.40,255
13952,217,2,3251.07,135
13047,31,10,3237.54,455
15443,1,7,3236.91,555
17050,95,6,3228.84,255
14175,59,3,3222.30,345
13880,20,13,3219.77,455
13268,17,11,3214.69,455
14388,9,8,3212.84,555
16107,17,7,3204.16,455
17220,23,14,3198.25,455
13868,6,2,3192.54,535
17685,16,7,3191.53,455
13758,11,7,3190.55,555
14844,63,4,3189.81,345
12456,43,3,3181.04,345
17672,49,2,3178.17,335
17231,11,10,3174.32,555
16837,30,11,3170.98,455
16041,30,3,3166.40,445
15861,11,8,3165.36,555
17863,58,6,3160.00,355
15065,37,4,3158.13,345
14235,74,5,3144.86,245
13742,16,12,3131.02,455
16156,8,9,3122.04,555
13685,2,7,3119.44,555
16326,5,14,3110.96,555
16678,2,12,3109.99,555
13869,122,4,3104.95,245
14099,15,11,3104.17,455
16905,4,7,3102.43,555
15491,94,6,3100.09,255
14257,63,5,3099.72,345
14565,95,4,3099.12,245
13135,196,1,3096.00,115
17059,29,5,3095.04,445
13362,8,4,3090.74,545
15998,36,5,3089.97,345
16218,29,7,3084.68,455
18272,2,6,3078.58,555
12910,22,8,3075.04,455
13631,99,11,3070.42,255
16686,46,7,3062.83,355
14456,4,9,3062.40,555
17799,21,10,3055.93,455
16940,51,3,3049.88,345
16393,1,13,3046.21,555
16709,84,5,3029.87,245
12598,9,8,3023.08,555
12395,18,12,3018.63,455
18094,81,7,3017.30,255
12754,235,3,3010.74,145
12916,138,4,3006.15,245
15521,39,8,3000.20,355
17659,16,12,2999.46,455
17504,205,9,2997.03,155
12670,9,5,2996.05,545
14307,88,6,2995.72,255
15687,8,9,2993.10,555
14639,51,6,2984.49,355
13451,25,5,2976.15,445
14032,1,11,2975.59,555
15854,3,12,2974.65,555
16497,49,6,2965.69,355
17924,11,7,2962.50,555
14868,2,8,2953.59,555
17084,34,2,2949.75,335
17444,147,3,2940.04,245
16316,63,8,2938.91,355
14530,25,6,2925.91,455
17512,28,10,2924.99,455
15606,60,9,2920.16,355
12906,11,5,2919.81,545
14112,22,7,2915.15,455
12438,13,2,2906.85,435
17644,0,11,2895.64,555
18144,7,12,2888.75,555
12408,32,5,2888.55,345
13735,24,4,2885.24,445
16633,16,6,2883.10,455
15673,87,4,2881.02,245
14251,1,5,2879.70,545
17728,3,3,2876.01,545
14005,9,5,2874.72,545
15628,4,9,2870.24,555
14711,9,11,2868.80,555
13901,71,5,2867.20,245
14535,59,3,2864.19,345
12685,27,6,2863.08,455
18145,12,4,2861.55,545
16928,79,17,2847.60,255
15984,2,10,2837.67,555
14852,57,6,2836.69,355
14572,2,7,2832.84,555
17596,22,7,2827.93,455
14842,43,4,2824.69,345
13174,15,3,2817.03,445
16871,21,6,2812.34,455
12356,22,3,2811.43,445
14903,20,5,2810.63,445
18230,8,7,2810.20,555
13230,3,14,2806.97,555
16081,55,5,2806.90,345
16764,3,13,2799.25,555
15993,8,7,2797.57,555
13769,1,10,2796.51,555
12578,20,2,2794.51,435
12758,116,2,2791.59,235
17739,11,7,2791.35,555
14626,23,4,2791.27,445
17213,39,7,2781.23,355
12388,15,6,2780.66,455
14121,3,4,2780.15,545
17838,26,5,2779.30,445
13870,1,8,2770.94,555
15356,30,10,2766.50,455
15114,29,10,2760.56,455
14854,77,7,2759.83,255
13971,18,8,2758.26,455
15321,70,3,2748.31,345
12669,150,3,2744.03,245
14808,39,8,2741.17,355
14125,10,3,2740.43,545
15696,32,8,2736.46,355
16938,8,4,2736.38,545
16003,29,5,2735.37,445
12840,143,4,2726.77,245
12380,21,4,2724.81,445
12708,29,10,2712.91,455
15796,0,8,2711.56,555
17069,27,9,2709.70,455
13285,22,4,2709.12,445
13654,42,6,2707.33,355
14107,51,7,2703.23,355
14732,7,8,2702.49,555
18097,7,6,2697.80,555
17386,7,6,2686.42,555
12625,211,2,2683.82,135
17346,3,15,2676.56,555
13883,10,5,2674.48,545
14713,8,11,2666.36,555
12360,51,3,2662.06,345
14439,319,1,2661.24,115
15671,18,7,2657.13,455
12721,31,6,2656.13,455
13851,95,3,2651.46,245
16618,30,5,2647.59,445
18260,172,6,2643.20,255
13658,9,5,2639.17,545
17655,10,7,2638.94,555
15752,39,7,2637.38,355
13804,30,7,2635.79,455
13771,63,4,2634.45,345
12520,78,5,2634.26,245
17402,4,13,2633.85,555
18077,7,11,2633.01,555
13422,63,1,2626.30,315
13644,15,4,2624.26,445
17965,37,14,2622.57,355
18210,1,6,2621.38,555
16255,16,8,2619.91,455
14262,7,8,2618.23,555
13021,3,9,2616.38,555
15782,9,3,2614.74,545
14397,2,19,2612.96,555
12836,58,4,2612.86,345
18075,22,10,2611.75,455
12726,27,7,2609.10,455
16241,9,13,2607.87,555
13136,55,5,2607.61,345
14408,10,7,2606.53,555
13983,29,12,2603.43,455
17317,45,3,2600.34,345
12600,28,10,2599.04,455
16919,155,11,2596.45,255
13895,27,4,2593.07,445
14243,8,10,2588.77,555
15033,4,10,2586.67,555
13911,56,9,2580.91,355
14546,4,5,2578.09,545
16912,28,11,2575.38,455
15485,29,3,2575.00,445
18245,6,7,2567.06,555
16308,37,4,2560.00,345
15572,4,7,2552.86,555
14334,16,8,2552.21,455
14701,10,9,2549.37,555
14676,30,6,2548.24,455
13344,67,3,2543.72,345
14776,50,11,2538.30,355
17700,16,4,2534.64,445
13471,0,4,2531.58,545
14659,8,9,2529.93,555
17314,24,8,2527.92,455
13975,30,6,2526.28,455
17449,1,7,2520.86,555
13394,1,8,2520.02,555
15245,133,3,2515.84,245
15271,6,15,2507.07,555
12352,35,8,2506.04,355
13695,30,15,2504.13,455
12517,27,5,2502.84,445
15932,3,8,2495.87,555
16477,63,7,2494.46,355
12483,16,8,2484.98,455
12913,4,5,2483.63,545
16710,18,10,2483.04,455
14315,44,6,2481.13,355
13507,2,4,2479.16,545
13588,15,9,2478.95,455
17682,9,6,2474.33,555
17188,10,7,2474.23,555
14766,7,6,2473.37,555
14502,19,11,2470.67,455
17164,32,7,2467.35,355
12455,72,6,2466.86,255
15750,2,8,2465.48,555
17131,4,5,2463.17,545
13784,9,11,2462.79,555
15674,72,5,2446.60,245
14163,86,4,2445.91,245
15527,18,8,2429.78,455
17071,27,9,2429.03,455
13949,2,6,2427.32,555
16143,2,6,2424.94,555
17722,95,4,2424.04,245
15089,9,6,2420.84,555
15373,7,12,2415.91,555
12397,35,2,2409.90,335
17589,59,4,2404.17,345
15980,88,3,2398.86,245
18065,5,14,2392.83,555
13141,84,5,2388.75,245
15370,40,7,2386.05,355
17530,0,10,2385.00,555
14493,6,5,2383.24,545
14554,9,4,2381.04,545
14239,42,11,2380.85,355
15270,15,7,2379.49,455
13722,131,3,2375.41,245
17434,1,7,2373.82,555
14930,108,3,2372.86,245
13908,79,4,2369.55,245
15755,9,6,2364.25,555
12457,65,7,2363.23,355
17634,35,9,2361.97,355
14030,17,8,2360.09,455
14440,7,5,2357.68,545
15140,51,7,2354.25,355
14309,7,9,2352.53,555
12704,6,8,2340.84,555
18259,24,3,2338.60,445
12584,3,9,2338.15,555
18257,38,8,2337.63,355
17954,4,12,2332.72,555
15281,58,9,2332.15,355
12782,4,5,2330.92,545
15785,32,5,2328.97,345
17313,30,1,2328.84,415
17744,3,6,2322.40,555
17211,26,8,2317.22,455
14290,10,5,2314.65,545
15365,25,7,2314.32,455
13994,3,6,2313.14,555
13704,4,9,2308.06,555
15288,42,5,2306.52,345
16735,78,5,2300.56,245
16550,108,5,2298.97,245
15105,17,7,2298.93,455
13115,11,4,2294.78,545
15704,139,4,2293.62,245
12615,1,4,2291.19,545
13527,33,7,2287.51,355
17696,37,8,2285.71,355
12684,7,7,2283.63,555
16782,9,13,2279.90,555
13317,65,6,2273.68,355
17768,7,3,2273.18,545
14466,28,7,2272.40,455
13700,25,10,2265.12,455
16057,15,7,2263.12,455
16209,88,5,2262.62,245
14432,9,6,2255.51,555
16293,21,10,2248.99,455
17442,36,6,2248.56,355
15235,217,12,2247.51,155
16771,32,5,2246.81,345
15665,167,2,2242.01,235
14211,52,9,2241.10,355
16743,28,7,2238.09,455
14560,6,22,2237.77,555
14700,31,3,2235.30,445
16076,2,10,2234.73,555
15834,69,4,2233.75,345
18242,71,4,2232.49,245
14226,28,5,2232.19,445
14825,3,12,2226.91,555
17591,72,7,2225.97,255
12783,1,6,2225.91,555
13365,33,2,2225.37,335
15722,35,5,2222.56,345
15811,21,6,2218.62,455
12876,57,2,2218.02,335
12653,148,2,2209.85,235
13862,17,8,2209.36,455
15797,112,4,2207.40,245
15179,17,5,2206.95,445
13831,15,6,2202.99,455
17406,332,3,2200.42,145
15123,6,2,2199.31,535
16628,29,5,2188.05,445
15394,9,4,2183.54,545
14341,44,8,2182.28,355
12856,7,6,2179.93,555
12909,39,5,2178.67,345
12501,335,1,2169.39,115
12633,58,4,2163.98,345
13755,3,9,2161.35,555
12935,1,7,2160.70,555
16456,98,5,2158.37,245
14407,106,6,2157.73,255
16379,3,4,2157.40,545
13224,59,2,2155.95,335
16966,7,7,2154.97,555
17272,41,4,2148.63,345
14828,196,3,2139.76,145
12560,4,3,2134.01,545
17400,125,5,2129.96,245
13517,59,3,2128.42,345
14360,31,4,2128.23,445
16407,12,10,2126.93,555
14640,23,6,2125.08,455
15058,24,11,2124.99,455
13632,24,5,2121.27,445
18061,21,10,2119.41,455
18008,69,9,2116.19,355
14691,30,5,2114.33,445
13265,52,5,2107.66,345
18173,86,4,2106.84,245
18093,92,4,2106.52,245
14461,147,3,2103.06,245
14515,17,6,2102.09,455
17861,2,8,2100.80,555
15815,63,5,2100.60,345
13126,4,8,2099.64,555
12610,22,5,2099.54,445
16875,66,5,2095.53,345
17191,27,7,2095.13,455
18283,3,16,2094.88,555
14306,50,2,2093.32,335
17490,0,7,2092.32,555
13571,12,12,2092.32,555
13297,7,4,2089.85,545
18044,3,10,2088.60,555
14810,40,11,2087.88,355
16954,0,9,2085.08,555
18231,191,5,2083.27,145
14696,3,7,2078.95,555
14209,10,6,2073.43,555
18241,9,17,2073.09,555
18219,2,10,2069.77,555
14482,17,6,2068.15,455
12948,15,7,2064.95,455
12928,34,5,2062.70,345
16281,71,1,2062.06,215
14409,70,6,2059.45,354
12518,0,5,2056.89,544
17667,65,5,2055.51,344
14188,30,6,2054.36,454
16150,42,5,2053.02,344
17086,6,6,2050.08,554
17612,52,6,2048.45,354
14232,42,5,2048.07,344
17625,17,4,2047.00,444
13495,7,5,2044.87,544
17597,213,1,2044.37,114
17090,3,7,2043.95,554
13450,26,6,2043.72,454
14001,45,3,2043.08,344
12585,233,2,2040.10,134
13593,107,5,2037.08,244
18069,25,5,2036.67,444
17846,84,1,2033.10,214
13630,4,7,2031.78,554
16409,35,5,2028.88,344
17337,150,4,2027.87,244
16358,0,4,2027.50,544
14544,23,2,2024.45,434
15341,80,1,2020.52,214
14506,16,5,2012.17,444
15531,7,2,2007.44,534
15372,136,1,2007.40,214
16098,87,7,2005.63,254
14730,0,8,2005.06,554
14217,1,17,2004.98,554
14462,65,11,2004.02,354
17082,32,2,2003.85,334
16754,371,1,2002.40,114
15493,32,5,2001.80,344
18188,14,3,2001.04,444
13305,3,10,2000.86,554
16698,226,2,1998.00,134
17827,4,5,1995.46,544
18204,70,3,1993.70,344
17679,52,2,1992.11,334
17088,27,4,1991.01,444
13246,17,6,1987.30,454
13590,10,6,1981.92,554
13725,49,8,1980.56,354
17422,15,6,1979.37,454
16341,24,4,1971.87,444
17997,73,8,1970.67,254
12674,38,4,1970.60,344
17790,26,14,1965.55,454
17218,3,10,1960.72,554
15351,11,7,1960.11,554
14498,42,5,1957.32,344
12853,134,6,1957.10,254
17554,0,5,1952.45,544
14533,24,7,1949.72,454
14653,0,7,1947.55,554
15814,16,4,1945.33,444
15518,63,8,1942.45,354
14418,3,3,1937.25,544
14472,103,8,1936.84,254
15864,21,6,1936.32,454
15157,3,3,1936.07,544
12528,8,6,1933.48,554
14655,7,4,1932.23,544
14978,71,5,1931.42,244
16983,12,7,1931.25,554
13094,20,12,1927.32,454
16942,12,9,1920.59,454
15021,8,9,1914.82,554
17368,22,8,1912.67,454
14285,20,4,1910.01,444
16426,1,10,1908.25,554
17228,15,8,1906.09,454
14210,105,6,1905.84,254
15819,48,4,1905.45,344
14250,6,3,1904.05,544
12762,7,2,1898.52,534
17463,15,5,1896.41,444
17870,1,12,1894.35,554
14934,81,2,1890.94,234
12371,44,2,1887.96,334
15641,104,4,1887.20,244
16170,50,6,1885.05,354
13890,0,10,1883.81,554
16128,17,5,1880.22,444
17738,18,4,1879.05,444
15367,56,4,1877.59,344
17293,7,9,1875.11,554
16986,29,2,1873.20,434
13982,38,4,1871.81,344
16474,6,7,1871.50,554
17469,15,5,1870.97,444
16841,36,6,1869.82,354
14524,31,9,1867.68,454
17787,152,4,1865.19,244
16201,2,4,1863.47,544
14887,78,1,1862.00,214
12423,0,8,1859.31,554
17873,79,5,1859.16,244
14305,70,3,1858.96,344
12963,7,8,1856.63,554
16979,3,6,1852.00,554
13421,39,2,1851.08,334
12383,184,5,1850.56,144
12381,4,5,1845.31,544
17519,16,6,1844.02,454
18180,4,6,1843.75,554
12950,1,3,1843.00,544
17015,28,3,1842.56,444
16102,41,3,1842.14,344
16455,63,7,1841.18,354
14113,3,4,1840.42,544
14216,2,4,1839.30,544
13924,1,6,1838.85,554
14459,154,1,1837.92,214
18287,42,3,1837.28,344
13650,16,6,1836.34,454
15827,72,14,1836.09,254
13048,13,4,1835.91,444
14665,60,5,1835.70,344
16152,268,1,1829.04,114
15203,25,6,1827.80,454
18122,7,6,1826.21,554
17702,29,4,1824.37,444
16153,49,5,1824.23,344
17705,2,9,1823.52,554
16169,7,4,1822.97,544
17828,22,4,1820.09,444
17629,5,8,1814.12,554
15260,99,7,1810.77,254
13481,45,5,1804.56,344
17663,25,7,1802.91,454
15812,106,5,1801.14,244
16249,52,5,1800.07,344
13562,81,3,1799.33,244
13196,10,4,1797.78,544
17750,4,9,1797.57,554
17648,60,4,1797.50,344
12348,74,4,1797.24,244
18235,71,3,1796.48,244
13134,85,4,1793.58,244
18179,8,6,1793.17,554
13510,0,4,1791.56,544
16719,14,7,1790.42,454
12523,18,11,1789.77,454
14215,11,6,1789.72,554
14621,0,5,1788.36,544
13875,53,5,1786.79,344
14608,3,4,1785.15,544
14935,296,1,1784.71,114
15050,24,3,1782.09,444
16380,60,1,1780.59,314
15220,51,6,1778.96,354
17092,49,4,1777.78,344
12645,33,4,1775.18,344
17754,0,5,1772.26,544
15594,15,5,1771.78,444
15473,13,7,1771.20,454
17813,13,5,1770.88,444
14387,32,3,1770.56,344
16681,72,6,1770.34,254
13456,17,6,1766.72,454
15950,31,4,1765.51,444
16751,30,1,1764.72,414
12424,162,2,1760.96,234
12823,74,5,1759.50,244
12349,18,1,1757.55,414
15241,66,8,1756.44,354
16359,6,9,1750.92,554
13564,143,3,1749.02,244
13808,5,5,1747.66,544
15067,77,3,1744.76,244
13157,48,4,1741.22,344
14595,19,6,1740.60,454
17930,35,5,1740.48,344
17353,128,2,1740.00,234
17457,126,5,1737.70,244
14673,2,5,1736.40,544
17043,31,4,1735.18,444
16791,28,7,1721.78,454
17451,0,7,1721.40,554
14834,17,6,1720.30,454
15267,21,5,1717.36,444
17162,28,10,1715.46,454
13763,62,1,1714.96,324
17147,22,4,1714.59,444
14441,0,4,1712.89,544
12405,148,1,1710.39,224
15947,82,1,1708.24,224
12407,49,5,1708.12,344
16902,115,1,1706.88,224
15240,44,5,1706.57,344
16398,153,2,1705.80,234
17282,129,3,1703.41,244
12843,65,8,1702.26,354
16007,47,4,1701.94,344
13184,14,10,1701.29,454
17193,35,7,1699.30,354
13824,32,5,1698.94,344
16775,9,11,1695.66,554
12764,316,1,1693.88,124
14245,219,2,1693.45,134
15549,76,3,1693.26,244
16813,7,10,1692.98,554
16671,27,3,1692.27,444
15380,8,5,1690.26,544
17152,194,3,1689.50,144
12635,89,2,1689.18,234
13162,121,4,1688.29,244
13577,24,4,1687.60,444
16638,22,10,1680.72,454
13647,9,4,1678.12,544
13149,13,4,1676.06,444
17656,72,5,1674.69,244
16115,9,8,1667.97,554
12912,2,5,1662.30,544
12530,59,4,1662.28,344
13012,8,8,1661.84,554
15214,1,8,1661.44,554
15024,9,10,1661.33,554
15332,365,4,1661.06,144
12967,357,2,1660.90,134
14045,108,4,1659.75,244
15953,14,8,1659.38,454
15826,55,3,1654.31,344
14573,179,9,1653.42,154
17284,59,6,1652.58,354
16711,2,5,1651.03,544
14837,89,4,1649.50,244
13750,53,5,1647.26,344
12657,10,4,1643.18,544
15002,115,4,1641.76,244
13627,58,5,1638.47,344
12398,45,1,1635.66,324
15122,113,3,1633.78,234
14164,70,2,1631.77,334
17673,1,6,1629.12,554
12377,314,2,1628.12,134
16515,51,5,1627.13,344
14759,4,3,1625.97,534
16987,2,7,1625.05,554
13425,107,3,1624.21,234
15172,8,5,1624.05,544
14937,56,3,1621.88,334
17101,9,4,1621.73,544
14178,8,7,1620.93,554
16801,162,4,1619.73,244
18161,14,5,1618.69,444
14336,16,4,1614.91,444
16992,10,5,1614.31,544
15791,43,2,1612.69,334
14312,46,6,1611.59,354
13614,23,4,1610.46,444
14918,115,2,1610.15,234
12868,185,6,1607.06,154
16817,2,9,1604.75,554
12947,143,6,1603.99,254
16466,33,7,1603.46,354
14719,1,5,1602.13,544
14587,18,9,1601.14,454
15660,24,9,1600.86,454
16496,8,3,1599.52,534
13850,128,1,1595.48,224
17837,41,8,1593.38,354
16332,27,7,1593.20,454
16676,33,4,1592.12,344
14970,67,4,1592.06,344
15611,9,13,1591.45,554
18178,128,4,1590.81,244
14442,204,2,1589.82,134
12393,71,4,1582.60,244
15532,24,4,1580.93,444
12607,59,1,1579.51,324
13814,91,2,1579.12,234
16889,194,3,1578.67,134
13186,39,3,1575.89,334
13634,32,5,1575.16,344
13659,205,2,1573.20,134
17671,15,4,1572.71,444
16283,5,5,1570.81,544
12865,25,2,1568.23,434
15906,19,7,1567.69,454
15111,28,3,1567.48,434
17085,122,5,1566.65,244
17204,174,4,1564.56,244
18239,218,5,1561.61,144
14038,77,3,1560.38,234
16394,56,5,1555.34,344
13313,21,5,1555.32,444
16369,17,3,1553.66,434
15620,56,3,1553.18,334
15117,14,5,1551.78,444
13320,77,4,1548.70,244
14229,51,3,1547.20,334
14704,10,9,1546.91,554
16790,3,6,1545.62,554
13397,72,5,1544.13,244
15701,1,4,1542.14,544
12818,260,1,1542.08,124
16365,17,9,1540.42,454
17159,21,3,1538.88,434
13849,51,2,1537.95,334
12877,3,12,1535.77,554
15392,4,4,1535.53,544
15625,103,4,1534.26,244
13107,43,4,1531.62,344
12759,51,3,1531.44,334
14321,10,5,1530.75,544
14567,56,2,1530.36,334
15916,15,8,1528.09,454
16244,211,2,1522.75,134
16434,28,7,1522.25,454
16066,16,5,1521.87,444
13764,70,3,1521.76,334
13213,56,5,1520.58,344
16880,30,7,1519.08,454
14267,162,3,1516.24,234
13791,127,2,1516.00,234
16748,17,5,1515.90,444
16053,32,2,1511.95,334
16910,3,8,1510.06,554
16279,20,3,1509.58,434
16016,2,8,1508.76,554
15265,150,2,1506.12,234
12937,14,4,1504.27,444
15530,21,4,1502.35,444
16762,19,3,1501.38,434
13810,28,3,1499.01,434
17571,49,4,1498.51,344
14414,91,7,1496.98,254
16755,113,3,1496.83,234
17002,85,3,1493.73,234
15057,274,2,1489.50,134
13110,30,7,1488.67,454
13692,24,3,1488.32,434
14963,9,5,1487.80,544
17553,129,1,1487.60,224
16395,60,5,1486.90,344
14878,12,9,1485.54,554
14758,144,4,1484.06,244
18016,31,5,1483.56,444
15427,32,3,1483.14,334
17590,1,3,1479.22,534
14403,129,4,1475.81,244
15983,21,4,1475.02,444
12826,2,7,1474.72,554
14404,33,6,1474.32,354
14246,110,3,1474.06,234
15128,59,4,1471.00,344
16348,31,7,1469.45,454
14875,107,2,1465.32,234
12882,8,2,1463.04,534
14233,48,4,1462.72,344
14541,58,8,1461.65,354
17063,20,7,1461.14,454
16059,65,6,1459.86,354
16996,29,6,1456.96,454
13309,6,5,1456.79,544
13477,37,6,1454.58,354
15987,11,7,1451.28,554
14740,196,3,1448.21,134
15426,18,5,1447.39,444
14591,14,4,1447.14,444
17073,17,4,1446.09,444
13717,31,6,1445.01,454
13461,38,3,1445.00,334
17175,43,4,1443.69,344
15478,39,2,1441.42,334
15858,15,5,1438.85,444
14071,3,8,1438.82,554
13159,8,4,1437.85,544
14566,110,1,1432.00,224
16503,106,4,1431.93,244
13475,190,4,1431.78,144
16103,6,6,1429.64,554
16271,2,5,1429.24,544
14035,28,5,1428.02,444
15681,24,5,1426.16,444
15106,17,5,1422.52,444
16463,20,4,1422.40,444
16571,26,3,1421.69,434
14019,46,3,1421.61,334
14901,10,9,1421.29,554
14443,53,4,1420.20,344
17288,8,7,1419.73,554
16173,15,6,1418.32,454
15444,8,2,1418.26,534
18116,67,8,1418.03,354
17856,1,4,1418.03,544
14649,4,4,1417.29,544
14748,28,5,1415.75,444
16012,34,3,1415.29,334
16245,23,3,1413.66,434
17004,45,2,1412.94,334
15237,1,4,1412.32,544
15596,100,5,1406.59,244
17083,108,3,1405.78,234
15563,21,4,1400.44,444
14741,11,6,1400.34,554
18202,199,3,1396.99,134
13995,14,5,1393.69,444
17354,50,1,1393.06,324
15810,78,4,1391.98,244
15051,22,3,1391.61,434
13414,133,3,1390.50,234
13516,20,3,1389.41,434
15898,0,5,1388.88,544
16539,2,4,1388.81,544
15453,1,7,1388.37,554
15134,14,8,1387.99,454
12952,5,4,1387.79,544
17676,3,6,1387.68,554
12775,16,5,1386.04,444
13308,22,3,1385.51,434
18167,22,3,1384.86,434
17311,77,2,1384.85,234
13572,205,1,1384.25,124
14507,23,6,1383.18,454
14116,19,5,1382.74,444
16389,52,4,1382.07,344
16726,25,5,1382.02,444
17621,20,3,1379.90,434
12886,67,2,1378.40,334
15569,103,5,1375.71,244
16669,23,3,1374.87,434
14434,21,6,1372.80,454
15095,103,4,1370.60,244
13813,39,4,1366.86,344
14897,7,4,1366.38,544
13396,28,2,1360.99,434
14102,4,5,1360.28,544
15411,25,4,1358.88,444
13232,12,7,1357.60,554
17054,27,5,1356.33,444
14859,12,4,1353.74,544
14064,28,5,1353.74,444
15116,17,4,1352.75,444
16079,16,3,1352.00,434
16493,79,4,1351.63,244
12770,210,1,1351.45,124
12646,4,2,1346.97,534
14154,238,2,1345.62,134
15398,15,2,1345.53,434
12463,52,4,1344.78,344
17372,40,8,1342.68,354
16317,119,3,1341.65,234
13743,2,7,1341.60,554
18177,30,6,1341.42,454
16045,119,4,1340.70,244
13501,287,1,1340.32,124
15734,114,2,1339.45,234
12620,14,3,1339.41,434
15059,40,9,1337.72,354
16110,44,3,1337.48,334
12919,7,6,1335.19,554
15680,8,3,1333.68,534
17932,28,3,1331.57,434
12676,24,6,1331.39,454
16295,9,4,1328.55,544
15146,164,2,1327.16,234
17633,30,4,1324.84,444
12854,78,3,1324.50,234
17095,22,3,1324.16,434
16370,81,4,1320.56,244
14794,2,7,1319.91,554
13168,35,4,1319.19,344
16083,100,2,1317.62,234
12526,0,3,1316.66,534
14921,29,2,1316.07,434
12576,35,5,1315.83,344
14511,10,5,1314.81,544
16464,19,3,1314.68,434
14738,42,7,1314.45,354
14973,106,3,1314.45,234
16040,64,3,1313.55,334
12364,7,4,1313.10,544
12516,77,2,1312.06,234
14856,35,3,1311.38,334
14477,19,4,1309.60,444
16120,58,4,1309.14,344
14047,8,5,1308.61,544
13328,315,1,1308.48,124
14297,17,4,1305.33,444
12507,133,3,1304.81,234
16744,10,7,1304.76,554
17919,87,1,1304.04,224
15813,207,2,1303.91,134
14898,22,6,1303.52,454
15108,141,4,1300.25,244
15494,20,2,1299.23,434
12488,9,3,1298.66,534
12372,71,3,1298.04,234
15602,7,9,1297.87,554
17961,20,39,1296.44,454
16929,3,7,1295.39,554
16224,56,4,1295.30,344
15621,3,4,1293.03,544
16101,70,1,1290.70,324
15171,330,1,1289.50,124
15136,2,4,1286.70,544
16949,3,6,1286.27,554
17350,7,4,1286.07,544
17802,81,3,1285.04,234
16899,7,6,1281.56,554
13878,54,1,1281.53,324
13538,42,7,1280.85,354
16951,134,3,1277.75,234
16692,255,2,1276.00,134
17019,10,4,1272.61,544
12394,63,2,1272.48,334
12630,9,2,1270.88,534
14669,241,3,1269.99,134
13492,135,3,1269.84,234
13431,66,2,1269.10,334
14916,70,4,1268.98,344
15199,58,4,1268.70,344
16660,15,4,1267.65,444
17037,87,1,1267.32,224
17158,31,3,1266.97,434
14105,238,1,1266.23,124
13989,65,2,1266.08,334
16842,100,3,1264.19,234
15497,17,2,1262.20,434
15009,11,3,1261.78,534
16688,0,4,1260.86,544
17388,77,4,1259.56,244
17412,2,7,1258.06,554
13151,294,1,1257.87,124
14931,4,5,1257.68,544
16639,30,3,1257.51,434
17481,3,4,1255.59,544
13848,91,3,1255.00,234
17262,51,5,1253.36,344
14698,1,5,1250.76,544
14383,37,3,1247.69,334
12689,25,2,1247.61,434
13029,30,3,1247.50,434
15004,146,1,1246.32,224
12494,15,7,1246.10,454
13860,0,5,1245.90,544
14428,6,5,1244.83,544
16531,21,7,1244.59,454
17584,6,2,1242.30,534
17588,99,3,1240.20,234
17731,78,4,1240.11,244
12985,0,2,1239.38,534
13476,178,2,1238.47,234
14893,9,2,1237.85,534
13931,95,2,1237.53,234
15201,86,5,1236.54,244
14684,25,5,1236.28,444
15376,39,3,1233.36,334
15910,0,8,1232.18,554
18080,18,2,1231.50,434
18171,58,5,1231.31,344
14913,35,4,1227.43,344
12997,21,4,1226.89,444
12412,74,3,1226.88,234
17774,96,4,1225.41,244
15841,72,4,1224.06,244
13208,58,6,1223.90,354
16794,0,10,1222.71,554
14745,112,5,1220.26,244
15227,36,5,1219.40,344
13491,51,10,1215.82,354
17410,15,5,1214.72,444
13055,77,3,1214.41,234
18263,25,3,1213.16,434
13918,49,2,1212.84,334
16653,15,2,1212.66,434
12464,9,8,1212.05,554
17653,36,4,1207.56,344
15737,14,8,1205.12,454
16800,10,1,1201.49,524
13158,94,4,1201.06,244
17320,99,3,1200.62,234
17800,36,9,1199.01,354
15605,35,5,1198.23,344
13118,19,5,1197.81,444
13211,9,3,1197.42,534
16042,21,5,1197.27,444
17867,29,6,1197.10,454
14487,26,6,1196.33,454
17720,25,4,1195.94,444
17526,4,4,1195.90,544
15145,3,4,1194.73,544
12611,51,1,1193.32,324
13882,2,5,1191.13,544
12462,18,2,1189.59,434
16612,32,4,1187.66,344
15630,44,2,1186.35,334
13752,123,6,1186.28,254
17058,81,3,1179.89,234
16950,56,3,1178.56,334
12885,62,3,1175.22,334
12640,23,3,1174.58,434
15306,63,3,1174.35,334
14857,59,2,1173.12,334
13611,88,3,1171.80,234
18168,175,6,1169.94,254
12358,1,2,1168.06,534
13500,22,3,1166.77,434
14737,3,3,1164.55,534
14261,50,2,1163.45,334
14447,18,5,1163.23,444
16714,218,3,1161.53,134
12546,46,2,1161.50,334
15088,20,2,1160.07,434
17348,14,5,1159.52,444
13499,17,5,1159.11,444
16184,63,6,1158.79,354
14723,9,6,1158.30,554
13744,94,2,1156.36,234
16637,31,4,1154.47,444
16062,9,4,1153.62,544
12710,96,3,1149.02,234
17505,161,2,1145.84,234
16766,272,2,1145.60,134
12769,238,1,1143.60,124
17770,198,5,1143.27,144
18125,29,4,1142.99,444
15985,122,2,1142.42,234
16270,352,1,1141.24,124
13330,92,3,1140.93,234
13819,301,3,1140.35,134
16172,94,5,1140.21,244
17135,15,7,1139.73,454
17500,16,3,1138.00,434
17302,14,5,1135.63,444
17242,107,2,1135.04,234
15489,22,3,1134.28,434
16989,6,6,1133.25,554
17585,108,4,1133.07,244
13282,17,3,1132.14,434
13772,33,3,1132.13,334
13310,27,3,1132.03,444
13610,11,7,1131.88,554
15500,7,4,1131.56,544
13447,22,3,1129.14,444
14824,9,4,1127.71,544
12609,77,3,1126.85,244
14708,2,3,1126.37,544
17470,44,5,1125.07,344
14129,1,5,1123.86,544
15436,11,3,1122.53,544
13486,77,3,1122.41,244
17562,13,7,1122.38,454
16807,142,3,1121.59,244
16086,58,5,1121.39,344
15730,65,3,1120.88,344
17894,71,8,1119.81,254
14276,98,3,1119.74,244
13064,12,4,1119.49,544
12842,69,2,1118.99,334
15716,145,4,1118.81,244
17788,73,2,1117.90,234
13591,64,3,1117.13,344
14971,34,3,1116.57,344
16350,20,4,1116.47,444
12679,58,4,1113.02,344
17609,40,5,1112.22,344
16049,39,3,1111.79,344
14161,215,3,1110.52,144
14817,199,2,1110.34,134
15069,178,1,1109.53,124
12399,118,4,1108.65,244
15933,20,3,1107.46,444
16833,0,4,1106.53,544
12857,210,2,1106.40,134
14410,91,9,1105.07,254
14948,22,6,1101.97,454
17047,84,3,1100.90,244
14744,15,7,1099.98,454
15978,76,1,1098.78,224
13104,2,6,1098.48,554
17966,37,5,1098.43,344
16225,44,5,1096.32,344
16533,18,3,1095.56,444
13652,45,3,1095.08,344
15745,18,4,1094.59,444
15608,27,4,1093.68,444
13521,0,3,1093.65,544
18189,77,2,1090.24,234
13853,56,1,1090.14,324
12534,130,1,1089.18,224
15763,31,2,1086.92,434
13467,10,2,1083.71,534
17041,26,3,1081.57,444
14561,75,3,1080.76,244
16200,3,2,1080.62,534
13726,38,2,1079.66,334
15197,10,3,1079.61,544
12354,231,1,1079.40,124
13715,280,5,1079.34,144
14352,156,4,1078.96,244
16980,254,2,1078.96,134
16094,11,4,1078.23,544
16563,53,1,1077.74,324
13131,22,3,1073.30,444
15712,8,5,1072.36,544
15238,28,3,1071.99,444
13635,67,1,1071.03,324
17522,1,5,1070.71,544
13761,49,2,1070.65,334
14212,89,1,1070.48,224
17214,59,6,1069.12,354
16918,49,6,1068.82,354
15027,30,4,1066.15,444
17277,227,2,1065.35,134
14488,67,1,1064.28,324
17287,25,7,1064.11,454
12951,8,6,1064.07,554
15801,45,3,1063.95,344
12936,16,4,1063.90,444
12815,147,2,1063.46,234
14411,310,1,1063.00,124
16214,170,3,1062.75,244
15996,87,6,1060.68,254
15706,63,4,1060.56,344
17727,14,1,1060.25,424
18130,14,3,1059.39,444
14465,246,3,1058.62,144
13455,24,2,1058.34,434
14419,10,6,1058.06,554
15407,33,4,1056.44,344
14514,60,3,1055.35,344
15977,16,2,1054.73,434
16728,45,4,1054.67,344
12716,3,2,1053.49,534
14583,5,5,1052.55,544
16416,26,3,1051.40,444
12849,30,2,1050.89,434
14224,109,4,1050.12,244
15329,38,3,1049.70,344
14078,101,6,1049.37,254
15464,337,1,1048.85,124
15839,32,3,1048.49,344
15777,240,4,1047.11,144
16520,185,3,1046.57,144
14293,2,4,1046.56,544
17042,2,5,1044.38,544
15192,119,3,1044.32,244
14389,64,2,1043.46,334
15073,9,3,1043.41,544
12497,81,1,1043.10,224
14584,168,4,1042.26,244
13719,14,5,1041.68,444
18221,21,5,1041.61,444
15434,7,5,1041.48,544
14446,0,4,1039.58,544
16320,171,2,1038.46,234
16175,93,4,1037.59,244
12691,27,6,1035.80,454
16260,50,1,1035.45,324
13639,73,1,1033.34,224
17724,70,3,1033.00,344
12599,28,7,1032.58,454
12724,4,4,1031.41,544
17405,0,3,1031.41,544
13235,211,1,1031.07,124
12717,150,2,1030.98,234
13253,156,2,1030.40,234
17033,85,3,1030.14,244
15333,207,1,1028.56,124
16682,4,5,1028.00,544
15104,196,2,1027.44,134
13956,4,5,1026.42,544
16160,64,2,1025.44,334
14904,1,2,1025.44,534
15658,189,5,1024.10,144
17096,14,4,1022.13,444
14346,120,2,1021.58,234
13165,45,2,1021.48,334
12572,8,2,1020.42,534
13376,98,3,1019.76,244
18142,156,2,1019.52,234
12828,2,6,1018.71,554
14083,3,9,1018.43,554
12514,266,1,1017.68,124
13728,36,6,1016.14,354
13867,30,3,1015.29,444
12642,24,3,1013.26,444
12739,77,2,1013.04,234
17197,29,1,1013.01,424
14195,201,2,1012.00,134
14775,57,3,1011.90,344
16229,86,2,1010.60,234
13032,51,2,1010.18,334
16572,126,3,1009.60,244
16174,125,3,1009.55,244
17951,39,3,1008.54,344
17646,218,3,1008.39,144
14631,50,3,1006.98,344
13429,10,4,1006.80,544
17126,151,5,1004.75,244
14214,30,5,1004.38,444
13410,23,5,1003.06,444
12446,57,1,1002.31,324
12545,74,2,1000.39,234
15508,188,6,1000.27,144
18143,116,2,1000.16,234
12722,84,4,997.63,244
14540,9,3,996.26,544
15110,23,4,996.10,444
17594,84,2,993.18,234
16009,21,4,992.71,444
13363,17,2,992.50,434
14223,91,3,991.13,244
16232,43,4,990.88,344
17324,17,4,990.23,444
15062,70,4,987.86,344
18237,2,5,987.10,544
16376,8,2,987.01,534
13117,21,8,984.91,454
17144,0,2,984.57,534
12510,142,2,982.57,234
15133,127,3,982.42,244
14138,1,2,982.38,534
15071,93,2,982.07,234
16188,44,4,981.86,344
16907,28,5,981.65,444
16085,22,5,981.51,444
12541,29,3,981.18,444
18170,32,3,980.31,344
13509,8,7,979.72,554
15506,22,3,979.26,444
13350,15,2,979.12,434
15132,17,5,977.93,444
14920,212,2,977.77,134
15860,40,8,977.21,354
13026,0,5,975.36,544
14522,23,4,974.54,444
15449,25,3,974.52,444
12994,3,3,974.42,544
15747,12,3,974.04,544
18194,81,1,973.84,224
16419,112,6,972.23,254
13155,32,4,971.76,344
17100,17,2,971.74,434
17618,5,3,971.58,544
14256,259,2,969.06,134
15907,3,3,967.45,544
15793,14,3,965.61,444
12550,78,1,964.83,224
13138,21,6,962.39,454
14006,115,3,962.19,244
15156,0,3,961.49,544
14629,3,2,959.01,534
18192,71,1,957.97,224
13823,18,2,957.66,434
12697,28,3,957.59,444
15948,7,2,955.24,534
17244,52,1,954.90,324
17097,1,8,954.42,554
15835,43,4,954.09,344
16934,54,2,950.93,334
15421,58,4,950.36,344
16511,21,3,950.26,444
13636,36,5,949.12,344
12822,70,2,948.88,334
17044,24,1,948.48,424
13748,95,5,948.25,244
15787,25,3,948.05,444
12458,70,2,947.40,334
15707,34,4,945.58,344
17289,31,3,944.41,444
13261,267,2,944.10,134
12820,2,4,942.34,544
14075,4,3,942.26,533
15576,37,1,940.67,323
15289,28,3,939.78,433
17527,53,4,939.37,343
17227,18,6,939.32,453
16584,79,2,936.08,233
14140,3,2,935.05,533
16027,91,6,934.62,253
14081,301,2,934.52,133
12924,87,4,933.70,243
16657,9,4,933.62,543
13655,113,2,932.97,233
14532,235,4,932.85,143
18133,211,1,931.50,123
17552,59,4,930.41,343
14475,71,3,925.85,233
14231,183,3,925.71,133
17048,117,3,925.35,233
15312,74,4,924.85,243
13805,51,2,924.60,333
15654,8,2,922.53,533
13122,93,2,922.39,233
16551,95,3,922.12,233
13934,263,1,922.10,123
13035,73,2,921.88,233
17323,14,7,921.07,453
13984,26,5,920.51,443
17018,40,2,920.10,333
12652,330,1,919.98,123
13075,129,1,919.61,223
13549,25,7,918.20,453
15253,15,5,918.20,443
14015,52,1,917.34,323
14712,28,3,917.07,433
17236,12,6,916.13,553
14141,2,4,915.13,543
16216,266,1,914.93,113
16809,22,5,914.69,443
15587,49,4,913.68,343
12940,54,2,913.54,333
15364,95,2,913.19,233
14359,18,3,912.18,433
13782,12,6,912.00,553
13192,94,2,911.94,233
14289,8,6,911.26,553
18096,11,3,911.15,533
13689,62,1,910.00,313
15511,11,5,909.23,543
13038,79,3,908.46,233
14449,18,4,907.10,443
15480,115,1,905.50,213
15022,11,4,905.04,543
15807,49,3,903.90,333
17566,7,2,901.21,533
16716,266,2,901.20,133
17848,80,9,901.20,253
14625,195,2,899.63,133
17886,31,3,899.61,433
13662,85,3,897.76,233
17537,29,2,897.62,433
16361,9,4,896.66,543
15079,212,4,895.61,143
15865,40,3,895.13,333
15211,59,2,894.41,333
15066,52,1,893.59,313
12772,59,1,892.47,313
13515,72,4,891.12,243
15255,66,1,890.85,313
14240,29,2,890.34,433
17027,78,6,890.29,253
17007,50,6,889.93,353
14344,126,8,889.93,253
14623,31,5,889.25,443
17829,297,1,889.24,113
16347,10,2,887.65,533
16900,16,3,887.11,433
15822,2,2,885.47,533
17704,168,2,885.19,233
17109,28,6,885.04,453
15799,75,3,884.14,233
14597,10,2,883.15,533
18236,29,6,882.24,453
13037,137,3,881.07,233
15076,172,1,880.85,213
15653,92,2,877.44,233
14770,231,2,876.42,133
15100,333,3,876.00,133
13566,40,2,874.71,333
16513,4,4,874.59,543
13294,189,2,873.74,133
12847,21,1,871.54,413
15208,0,5,870.12,543
13200,18,4,870.09,443
13979,72,1,869.87,213
12694,69,2,869.67,333
13203,9,4,869.46,543
17649,137,1,868.49,213
14912,16,2,867.85,433
14715,24,4,867.38,443
16235,40,5,867.31,343
16121,56,2,867.11,333
14332,22,3,866.31,433
16567,193,2,865.60,133
13846,24,3,865.06,433
16221,36,3,864.86,333
12680,0,4,862.81,543
16266,73,7,861.89,253
12794,52,2,860.41,333
13339,200,1,860.12,113
14577,12,4,859.71,543
17064,58,3,859.35,333
14553,18,5,859.27,443
16163,231,2,856.60,133
13991,11,6,855.97,553
12693,126,4,855.91,243
16037,269,3,855.02,133
12878,235,2,854.99,133
17560,94,5,854.95,243
16877,11,6,853.72,553
14193,67,2,853.39,333
12379,81,2,852.24,233
16070,21,2,852.15,433
16020,16,3,851.01,433
12713,0,1,848.55,513
14657,17,4,848.22,443
13221,239,2,847.41,133
16924,20,3,846.75,433
16222,317,1,846.72,113
15965,16,4,845.64,443
14803,161,3,845.55,233
17624,14,2,843.48,433
15164,68,3,843.05,333
17929,10,4,843.00,543
13929,168,2,842.65,233
16108,84,1,842.50,213
16560,26,2,841.41,433
14862,25,2,841.20,433
17076,35,3,841.08,333
13940,16,4,839.14,443
17115,7,3,837.50,533
16554,41,3,837.10,333
15832,253,1,836.79,113
12728,70,4,836.33,343
16747,37,2,836.06,333
17169,57,2,835.78,333
17759,16,3,834.99,433
13835,24,4,834.57,443
17075,17,4,834.12,443
16644,177,2,833.78,233
15862,7,4,832.88,543
14644,67,2,830.76,333
13681,17,4,827.83,443
12461,93,2,826.88,233
12781,63,2,826.74,333
16494,295,1,826.53,113
17921,63,4,826.52,343
15525,1,3,825.92,533
12427,21,3,825.80,433
16869,22,4,825.42,443
16284,30,2,823.97,433
16164,16,3,822.48,433
12778,19,6,822.23,453
13893,297,1,821.10,113
13220,77,4,819.29,243
17764,50,2,818.82,333
16092,114,3,817.86,233
16943,211,3,816.73,143
15649,335,2,816.00,133
15399,0,3,815.77,543
14499,25,3,815.32,443
13280,121,3,814.86,243
16460,27,3,814.72,443
13811,183,3,814.50,143
18064,132,2,814.00,233
16600,3,6,813.52,553
16621,51,4,813.48,343
14421,56,2,813.11,333
15644,165,4,813.00,243
17980,165,3,811.45,243
16276,176,1,810.60,213
16624,80,2,810.57,233
13637,51,3,810.50,343
16891,1,5,809.70,543
17114,5,8,808.62,553
15533,18,3,807.57,443
12421,15,4,807.04,443
15952,33,4,806.57,343
13707,266,2,806.41,133
12434,84,2,806.14,233
16367,36,2,804.49,333
18248,122,2,804.02,233
12422,95,3,803.56,243
15831,57,3,801.76,343
18265,71,2,801.51,233
16806,102,4,801.49,243
15561,11,4,800.59,543
17905,70,4,800.24,343
13720,116,4,799.90,243
13030,10,2,799.48,533
17703,34,3,798.74,343
16438,5,5,798.35,543
13389,10,3,797.96,543
12701,79,2,797.71,233
17180,55,4,796.03,343
13336,76,1,795.12,213
15990,43,2,792.11,333
13167,18,4,791.33,443
14976,56,7,790.86,353
13016,72,3,789.89,233
16759,7,3,789.79,533
13329,31,2,789.00,433
14557,84,1,788.38,213
13212,19,3,788.08,433
13323,2,5,787.85,543
13884,6,5,787.60,543
16546,290,2,787.15,133
13109,59,2,786.54,333
12628,3,3,786.46,533
15806,45,3,784.58,333
15743,15,4,784.46,443
18136,62,3,784.33,333
17387,19,2,784.11,433
16054,144,1,783.90,213
17006,4,4,781.78,543
17341,156,3,781.36,233
15679,23,4,781.28,443
13583,155,1,781.03,213
16725,301,7,781.02,153
15239,9,2,780.59,533
17797,21,3,780.43,433
18228,56,2,779.90,333
12735,314,2,779.57,133
17411,11,3,778.94,533
13375,88,1,778.65,213
14815,36,2,778.50,333
17414,43,2,778.00,333
16505,31,1,777.60,413
13563,83,2,777.53,233
12425,77,1,777.20,213
15353,254,2,777.02,133
15618,32,4,776.85,343
13314,1,3,775.94,533
13341,260,1,775.85,113
14234,21,4,775.46,443
16825,38,2,775.18,333
15414,9,3,774.90,533
16043,37,4,773.99,343
15075,77,1,773.03,213
12965,88,1,771.91,213
17409,184,2,771.85,133
14662,28,4,771.17,443
16770,57,5,770.10,343
14412,42,2,770.03,333
16480,75,1,769.29,213
13356,79,1,768.24,213
17516,14,5,768.08,443
14550,10,2,765.62,533
14672,234,2,765.55,133
17695,131,2,765.34,233
14885,131,1,765.32,213
17268,107,4,763.64,243
17466,9,2,763.28,533
16470,51,4,762.39,343
15599,26,2,761.74,433
14883,18,6,761.59,453
16205,30,4,761.38,443
17425,18,2,759.17,433
16036,86,2,758.92,233
15568,2,3,758.29,543
12413,66,3,758.10,333
17979,35,4,757.71,343
17461,22,3,757.46,433
15223,225,2,755.75,133
13370,371,1,754.87,113
18104,36,1,754.64,313
13730,135,2,752.60,233
16256,265,1,752.43,113
12908,175,2,750.00,233
17146,105,3,749.78,233
14923,50,1,749.10,313
15074,104,1,748.87,213
15656,44,4,748.50,343
16859,144,2,747.81,233
13623,30,5,747.78,443
14201,59,7,747.44,353
16261,16,4,746.83,443
14050,31,2,746.36,433
17034,15,3,745.52,433
14790,16,4,745.06,443
13950,10,4,745.06,543
13236,24,2,744.85,433
13354,70,1,743.53,313
16730,51,3,743.11,333
12374,24,1,742.93,413
12465,16,2,742.19,433
13753,286,1,741.26,113
13900,182,3,740.95,143
17692,126,4,740.94,243
17974,24,3,740.79,443
15252,35,2,740.78,333
12603,21,1,739.20,413
14756,14,1,738.96,413
12976,211,1,738.60,113
15045,151,2,735.66,233
15215,46,3,734.94,333
18156,12,2,734.94,533
16362,31,5,734.77,443
16146,156,3,734.13,233
17812,12,4,732.16,543
13575,22,5,732.07,443
13736,4,2,731.90,533
16099,49,3,731.90,333
16491,46,1,731.50,313
14778,126,2,730.86,233
18035,35,3,730.40,333
12468,187,2,729.54,133
13077,0,4,729.27,543
17666,3,2,728.16,533
17888,20,8,726.05,453
14869,8,2,725.70,533
14055,105,1,725.64,213
16140,65,2,725.18,333
15584,23,4,725.11,443
12723,3,5,725.07,543
15636,89,2,724.76,233
12475,53,1,723.38,313
17521,29,3,723.21,433
15272,56,2,721.94,333
18062,172,3,720.52,233
16023,45,3,719.81,333
14179,40,2,719.78,333
14725,24,1,718.08,413
17884,3,4,717.45,543
15274,3,2,716.57,533
12535,91,2,716.35,233
15400,91,5,716.20,243
17029,110,2,716.00,233
15330,31,2,714.96,433
15757,65,2,714.42,333
12616,94,2,713.30,233
13169,63,2,712.88,333
13147,9,4,712.80,543
17761,32,1,712.78,313
13416,43,2,712.50,333
13587,63,1,712.40,313
17642,119,2,712.29,233
15855,136,5,712.24,243
13705,7,3,711.86,543
17179,177,3,711.79,243
13249,91,3,711.41,243
17472,190,3,710.29,143
14867,185,3,710.28,143
14127,122,3,709.71,243
16136,59,3,709.38,343
15951,8,2,708.22,533
16449,197,2,707.69,133
12453,133,1,707.09,213
16364,11,2,707.04,533
16309,105,2,706.57,233
14880,76,3,706.19,243
14126,7,3,706.13,543
15038,58,6,705.49,353
16015,3,3,705.39,543
16882,66,3,705.12,343
17934,51,2,704.25,333
12612,73,1,704.04,213
12883,24,4,703.47,443
18082,25,1,703.37,413
15103,30,2,703.36,433
15574,177,4,702.25,243
16997,287,3,702.00,143
14198,17,4,701.40,443
14356,79,2,701.23,233
17321,7,2,700.86,533
13238,16,4,700.73,443
17734,53,3,700.63,333
15800,106,2,699.08,233
13258,11,3,698.58,533
17423,45,2,698.41,333
17796,39,4,697.90,343
15053,4,3,697.79,533
14829,28,4,697.55,443
13596,5,2,697.04,533
15700,171,2,696.68,233
17397,21,2,696.41,433
14009,197,2,695.61,133
14959,63,4,695.42,343
15304,60,8,694.40,353
12925,4,2,694.05,533
14643,169,2,693.81,233
12410,308,2,693.33,133
13601,44,2,693.32,333
14111,13,4,692.85,443
17198,23,3,692.22,433
17733,38,2,692.19,333
13838,5,4,691.73,543
16212,18,2,690.34,433
18085,329,2,689.95,133
13023,63,2,689.90,333
15181,65,3,689.48,333
18196,94,2,689.13,233
17502,8,4,689.10,543
13799,116,2,688.86,233
16642,4,2,688.33,533
12658,18,1,686.05,413
16122,72,4,684.42,243
16495,2,3,684.41,533
15669,39,4,684.34,343
12942,130,3,683.90,233
17874,184,6,683.46,153
14222,176,1,683.17,213
12838,33,2,683.13,333
15582,24,3,682.91,433
13548,95,2,682.41,233
18135,28,5,681.91,443
12478,3,1,680.99,513
13524,40,5,680.18,343
16872,76,3,680.02,233
15322,85,1,679.68,213
13430,18,2,679.45,433
14788,6,2,679.44,533
17994,121,4,678.49,243
13925,92,4,678.25,243
13607,39,1,678.01,313
13388,130,2,677.10,233
13040,8,2,676.99,533
16377,266,1,676.20,113
15626,74,2,675.80,233
17462,59,2,675.69,333
13325,81,1,675.30,213
16418,44,3,675.27,333
13355,121,1,674.70,213
13464,57,1,674.68,313
17749,177,2,674.52,233
13951,175,3,674.45,233
14504,46,4,673.26,343
18121,148,2,673.10,233
14628,90,2,671.96,233
17883,2,4,671.77,543
12638,32,1,671.69,413
17299,11,4,669.11,543
12418,112,1,668.58,213
14342,20,4,668.56,443
13741,71,3,668.43,233
16383,74,2,668.36,233
15031,3,4,668.14,543
18022,35,1,668.11,313
16268,70,2,667.65,333
15969,2,3,666.10,533
17777,24,3,665.86,433
17105,158,2,665.78,233
16056,44,1,664.85,313
13963,307,4,664.54,143
16208,44,2,664.26,333
15643,191,3,664.00,133
14720,5,3,663.81,533
13240,95,4,663.65,243
16573,84,2,663.61,233
14451,59,2,662.59,333
16014,37,3,662.38,333
18218,210,2,662.08,133
16774,67,4,661.52,343
13028,22,2,661.32,433
14603,274,1,660.00,113
15492,27,2,659.46,433
13518,85,1,659.44,213
13759,32,2,659.41,333
16357,32,3,658.88,333
14150,35,2,658.64,333
17779,20,3,658.57,433
16696,134,4,657.90,243
12577,34,3,657.80,333
14818,73,3,657.80,233
15648,203,2,657.35,133
17459,42,2,657.30,333
15677,48,1,657.23,313
16157,15,3,656.69,433
13049,63,2,656.68,333
16708,45,1,656.63,313
16127,38,1,656.25,313
14894,84,1,655.75,213
16444,45,4,654.67,343
14651,66,2,654.60,333
17398,114,3,653.38,233
18151,134,2,653.35,233
13496,10,2,653.33,533
15205,84,2,653.24,233
14044,26,4,652.82,443
14548,150,2,652.80,233
17523,10,4,652.74,543
14034,21,3,651.82,433
16734,51,3,650.51,333
16469,23,4,650.43,443
15571,11,4,650.43,543
16969,38,3,650.41,333
17373,39,4,646.92,343
12589,28,2,646.68,433
15651,36,3,646.30,333
17545,42,3,645.96,333
14855,118,2,645.65,233
12719,4,2,644.95,533
17312,138,3,644.30,233
16431,212,3,642.81,133
14020,16,2,642.80,433
13034,54,2,642.77,333
15384,169,2,642.41,233
17046,156,1,642.02,213
15297,9,3,641.94,533
12365,290,2,641.38,133
12624,105,2,641.13,233
13417,4,2,640.83,533
13318,0,3,640.76,533
12631,56,1,640.50,313
14301,116,1,640.14,213
15919,19,2,639.89,433
17515,30,4,639.02,443
18160,56,2,638.06,333
14754,44,2,638.05,333
14664,19,2,637.89,433
14128,60,2,637.50,333
14481,164,2,636.51,233
15829,98,2,636.14,233
15773,5,1,635.68,513
14000,210,1,635.66,113
16139,18,3,635.41,433
17985,21,1,634.95,413
13892,26,4,632.97,443
14220,246,2,632.40,133
16306,213,6,632.27,153
18183,226,2,632.07,133
13822,5,2,632.00,533
14021,154,3,631.90,233
15244,64,2,631.57,333
13539,85,3,631.34,233
17990,236,3,630.84,133
13046,30,2,629.31,433
13525,14,2,628.78,433
14687,106,1,628.38,213
16022,259,1,628.28,113
15028,7,4,627.13,543
13546,11,3,626.99,533
15402,148,2,626.77,233
14036,284,1,626.65,113
13914,11,2,626.45,533
14382,25,1,626.07,413
16750,44,5,623.93,343
16718,368,1,623.75,113
12649,106,3,623.51,233
15147,239,1,623.50,113
13368,256,2,623.40,133
15258,168,2,623.16,233
17499,289,1,622.88,113
15182,153,2,622.85,233
17460,93,6,622.43,253
15768,115,3,621.83,233
18217,28,2,621.75,433
16915,8,6,621.68,553
17640,86,1,621.66,213
14152,74,2,621.29,233
13402,126,2,621.23,233
16141,87,1,620.40,213
12667,57,1,620.13,313
14529,59,3,620.04,333
13493,274,2,618.63,133
16613,69,1,618.59,313
13145,39,4,618.52,343
12596,50,2,618.27,333
13301,103,4,618.09,243
16134,21,2,618.09,433
14593,21,3,617.99,433
14377,190,2,617.05,133
16442,1,3,616.79,533
16311,17,2,616.26,433
14905,157,2,616.15,233
16005,11,4,615.39,543
15275,37,1,615.14,313
16566,14,5,614.66,443
16116,211,1,612.78,113
12513,112,1,612.29,213
18149,50,3,612.08,333
15232,112,2,612.06,233
15645,18,1,612.01,413
16109,218,2,611.88,133
16763,198,1,611.85,113
13731,218,2,610.59,133
12673,4,2,610.52,533
15795,149,1,610.01,213
13357,256,1,609.95,113
14636,35,2,609.85,333
13933,108,2,608.79,233
12933,23,3,607.53,443
15573,31,2,607.45,433
17119,2,2,606.91,533
14710,13,4,606.13,443
17849,217,4,605.80,143
14133,129,3,605.64,243
13888,119,2,605.63,233
17507,261,2,605.58,133
13233,73,2,605.12,233
14323,114,2,605.06,233
13558,5,4,605.06,543
14675,15,1,604.75,413
17664,18,2,604.64,433
12944,35,2,604.51,333
16732,31,1,603.75,413
12556,49,2,603.71,333
12707,291,1,603.42,113
17259,147,2,603.37,233
15366,74,2,602.51,233
17890,322,2,602.09,133
12654,10,5,601.98,543
14609,71,4,601.56,243
16654,140,4,601.27,243
12420,63,1,600.39,313
13243,202,1,600.07,113
18211,25,5,600.07,443
12872,326,2,599.97,133
12521,142,1,599.68,213
14965,95,2,599.00,233
17420,49,3,598.83,343
14467,17,4,598.76,443
15720,23,1,598.73,413
13311,3,2,598.57,533
16298,22,3,598.20,443
13959,78,3,598.20,243
14108,30,2,597.91,433
17864,12,3,597.50,543
16788,122,2,597.48,233
14645,156,2,597.09,233
15381,213,2,596.85,133
18246,23,2,596.10,433
17658,25,2,595.42,433
14284,30,2,595.25,433
16325,46,3,594.24,343
12917,127,1,594.00,213
15442,248,1,594.00,113
16535,4,1,593.75,513
18232,81,4,592.97,243
16203,58,4,592.90,343
14692,136,4,591.55,243
13276,63,2,590.93,333
13452,258,2,590.00,133
13270,365,1,590.00,113
14882,26,2,589.70,433
18123,23,2,589.44,433
16723,90,2,589.15,233
16838,196,2,588.85,133
14338,160,2,588.22,233
15624,116,4,588.13,243
17351,35,3,587.15,343
17014,7,3,586.33,543
17360,16,3,585.79,443
12384,28,2,585.27,433
15222,318,1,585.00,113
16384,89,2,584.50,233
16072,287,1,584.32,113
14023,6,2,584.07,533
13557,27,2,584.06,433
15762,64,2,583.75,333
12426,194,1,582.73,113
13427,18,3,582.60,443
17970,210,1,582.59,113
12695,6,4,582.10,543
18095,311,2,580.05,133
16906,81,4,579.77,243
17142,238,1,579.00,113
13292,38,2,578.94,333
17540,24,2,578.90,433
12601,189,5,577.06,143
14176,296,4,576.90,143
16916,23,2,576.26,433
15830,37,1,576.00,313
15550,3,4,575.63,543
16345,43,1,575.41,313
13487,57,3,575.40,343
14167,38,4,574.84,343
14400,148,1,574.70,213
12784,8,2,574.42,533
15339,65,2,574.07,333
15303,289,1,574.02,113
12879,44,3,573.22,343
15415,312,1,572.81,113
13379,25,3,572.56,443
13405,73,3,572.45,243
12816,95,2,572.20,233
13816,23,2,571.67,433
17616,173,3,571.20,243
15821,43,2,570.96,333
15315,63,2,570.50,333
14592,34,3,570.46,343
16667,67,2,570.13,333
13939,22,3,568.55,443
13321,71,2,567.36,233
17897,172,3,566.60,243
18150,31,3,566.58,443
16278,99,1,566.38,213
13894,23,3,564.62,443
15344,0,3,563.94,543
16933,0,2,563.23,533
14753,86,1,563.15,213
17265,138,2,562.90,233
12414,216,3,562.41,143
12559,310,2,561.71,133
13946,78,3,561.57,243
15655,242,1,560.67,113
13044,290,1,560.47,113
14273,50,4,559.97,343
16275,196,1,559.87,113
18043,24,3,559.51,443
14177,85,4,559.41,243
12866,282,1,559.12,113
17503,2,2,558.96,533
12987,73,2,558.70,233
13800,308,1,558.32,113
13260,60,1,557.62,313
17955,198,4,557.30,143
17295,28,3,556.95,443
16385,59,3,555.89,343
14805,14,4,554.65,443
14891,147,2,554.38,233
14618,8,3,553.44,533
15068,45,2,553.36,333
12363,109,2,552.00,233
17674,73,2,551.04,233
17291,307,1,550.80,113
17235,24,2,550.06,433
12390,79,1,549.84,213
16340,106,1,549.07,213
16536,109,1,548.97,213
16031,91,2,548.94,233
14474,45,1,547.66,313
16811,4,2,547.07,533
17637,30,2,547.06,433
16211,88,1,547.02,213
17520,53,1,546.81,313
12743,133,2,546.43,233
14997,45,3,546.20,333
17806,10,1,546.04,513
12793,333,2,545.48,133
16475,87,4,544.30,243
13617,39,3,544.18,333
13390,74,1,544.08,213
16927,115,3,543.05,233
13278,40,1,542.73,313
16230,189,2,542.03,133
17447,39,2,541.53,333
17557,13,3,541.46,433
13874,357,1,540.45,113
13812,41,3,539.00,333
14496,311,2,538.81,133
15452,29,3,538.73,433
15469,49,2,538.55,333
15539,6,1,538.46,513
17062,313,4,538.37,143
17345,14,4,537.74,443
14539,15,2,537.48,433
16206,54,4,537.06,343
15043,30,1,537.00,413
16804,22,3,536.99,433
16233,70,3,536.68,333
15535,172,4,536.40,243
16142,249,1,535.34,113
12988,291,1,535.32,113
13000,106,3,534.85,233
13385,329,1,534.57,113
13434,73,2,534.24,233
17443,219,1,534.24,113
13217,121,3,533.98,233
15433,213,2,533.30,133
15756,60,4,532.96,343
15825,171,1,532.94,213
16706,36,3,531.35,333
14265,108,2,530.18,233
18159,300,1,530.15,113
14002,133,2,529.73,233
14463,97,3,529.62,233
16185,16,2,529.41,433
17631,1,3,528.33,533
16602,35,1,528.08,313
12479,10,1,527.20,513
17623,32,1,527.05,413
18252,50,2,526.67,333
16892,0,5,525.54,543
17290,3,2,525.24,533
17429,127,3,524.92,233
15467,8,3,524.88,533
15891,226,1,524.52,113
13721,35,1,524.14,313
17329,13,2,523.11,433
18017,80,3,523.00,233
17712,44,1,522.91,313
14871,2,4,522.38,543
12863,51,1,521.20,313
15149,133,1,520.80,213
14873,209,1,519.68,113
12571,39,2,519.61,333
13643,30,3,519.44,433
16955,184,4,518.67,143
16650,71,1,518.42,213
15030,71,2,518.28,233
16135,261,1,517.55,113
17454,191,4,517.53,143
18205,35,2,517.36,333
13043,272,1,516.42,113
15882,198,4,516.36,143
15809,35,5,515.77,343
12811,260,3,514.85,133
15246,237,2,514.15,133
13005,173,2,513.70,233
17513,71,1,513.20,213
17805,73,1,512.31,213
17480,77,1,511.82,213
12582,238,2,511.36,133
14851,22,2,511.35,433
16561,5,2,511.12,533
15406,30,2,510.71,433
12904,17,2,509.58,433
12436,99,1,509.01,213
16898,25,3,508.81,433
15417,84,1,508.80,213
17391,163,2,508.80,233
14317,64,1,508.58,313
17958,116,1,508.46,213
17415,79,1,507.84,213
14158,39,1,507.66,313
14820,20,4,507.29,443
15721,11,1,507.08,513
16960,38,3,507.05,333
13885,188,2,506.80,133
16614,182,1,506.19,113
14014,76,1,505.18,213
15081,21,5,504.80,443
12991,22,2,503.76,433
17630,169,2,503.60,233
16863,30,2,502.80,433
15006,50,1,502.09,313
13865,57,4,501.56,343
15881,311,5,501.39,143
13116,137,1,501.14,213
13247,17,4,501.12,443
16616,14,2,500.42,433
15389,171,1,500.00,213
14958,146,3,499.68,233
14077,40,5,499.42,343
15193,60,1,499.32,313
14681,70,3,498.95,343
16488,32,3,498.80,343
15142,45,1,498.74,313
17053,130,1,498.48,213
17298,100,2,498.42,233
16820,95,1,497.61,213
17495,7,2,497.56,533
16368,1,2,497.43,533
15300,63,1,496.44,313
15018,38,3,496.21,343
17374,218,2,495.77,133
15448,312,1,494.64,113
16352,17,2,494.44,433
17333,85,1,494.25,213
12763,137,2,494.08,233
15877,1,2,493.28,533
13176,45,1,492.84,313
14270,331,1,492.65,113
15507,171,1,492.36,213
13732,27,1,491.86,413
14236,80,2,490.86,233
15000,47,1,490.52,313
14416,21,2,490.22,433
18074,373,1,489.60,112
12809,177,1,489.31,212
17361,48,3,488.20,332
14396,64,2,487.99,332
15165,372,1,487.75,112
16643,245,1,487.51,112
13338,157,1,487.02,212
13675,150,2,486.82,232
17453,17,2,486.72,432
15287,21,2,486.69,432
13153,5,1,486.22,512
12639,238,1,486.10,112
15109,245,1,484.95,112
16999,22,2,484.82,432
16504,24,1,484.38,412
16518,60,2,484.32,332
14130,318,1,483.86,112
13531,204,2,483.80,132
12808,36,3,483.65,332
14147,77,2,483.40,232
17555,19,2,483.26,432
14450,180,3,483.25,132
16603,74,2,482.47,232
17950,71,3,482.20,232
12504,17,2,482.05,432
16693,68,2,482.01,332
18216,30,1,481.75,412
15091,67,1,480.71,312
16812,359,1,479.35,112
16008,23,3,478.78,432
15589,255,3,478.53,132
16768,47,3,478.09,332
12644,129,1,477.91,212
13092,70,5,477.83,342
14320,206,2,477.79,132
12447,242,1,476.49,112
18176,357,1,476.35,112
14853,23,2,475.80,432
14497,308,1,475.37,112
15780,183,3,475.28,142
15349,157,2,473.81,232
15557,28,1,473.65,412
16374,65,2,473.03,332
14013,109,3,473.02,242
16038,7,3,471.78,542
17964,31,2,471.70,432
16885,14,3,471.51,432
13066,23,2,470.80,432
15963,19,2,470.76,432
14431,302,1,470.36,112
15471,1,1,469.48,512
15026,79,3,469.00,232
14896,204,2,468.77,132
13171,21,3,468.41,432
14335,15,2,468.26,432
14029,62,2,467.66,332
15468,50,2,467.51,332
13579,14,2,467.04,432
14205,16,2,466.70,432
13248,124,2,465.68,232
15036,71,3,465.55,242
17140,246,1,465.32,112
16742,46,1,464.90,312
13928,10,4,464.57,542
16586,248,1,463.95,112
14967,49,1,463.80,312
12787,9,3,463.66,532
17418,41,2,463.46,332
14489,206,1,463.38,112
12945,287,1,462.95,112
14331,123,2,462.66,232
14470,11,2,461.19,532
12391,21,1,460.89,412
16824,15,2,460.64,432
16805,173,2,460.59,232
12491,38,1,460.40,312
12355,213,1,459.40,112
16589,70,3,459.24,332
17880,364,1,458.92,112
15754,50,3,458.57,342
13506,315,2,458.52,132
17392,305,2,457.91,132
15092,214,2,457.81,132
15121,49,2,457.72,332
12375,10,2,457.50,532
13398,191,1,457.34,112
12564,260,1,456.90,112
12999,195,3,455.88,142
14513,100,3,455.59,242
15585,176,1,455.30,212
16529,189,1,455.25,112
13485,232,1,454.24,112
15475,76,1,454.11,212
17564,23,3,454.01,442
18158,8,2,453.40,532
12729,113,1,453.01,212
18071,257,2,453.00,132
14184,66,1,452.89,312
12591,316,1,452.85,112
12970,6,4,452.24,542
16574,70,1,451.44,312
15802,142,1,451.42,212
14173,10,4,450.84,542
17040,137,1,449.73,212
13489,104,4,449.52,242
12448,43,1,449.45,312
15739,65,1,449.12,312
17579,4,3,448.90,532
14780,54,2,447.68,322
15646,157,3,447.64,232
15456,282,3,447.22,132
15368,20,1,446.94,412
15889,156,2,446.87,232
14149,220,1,446.62,112
17370,72,4,446.18,242
17190,58,2,444.74,332
18006,22,1,444.68,412
14638,50,1,443.60,312
16404,69,1,443.05,312
18222,92,1,443.00,212
14093,11,1,442.85,512
12579,77,1,440.42,212
15524,24,1,440.00,412
14022,224,1,440.00,112
18233,325,1,440.00,112
13954,1,2,439.92,532
16025,29,1,439.66,412
13359,63,1,439.56,312
16968,3,2,439.43,532
13358,267,1,439.03,112
14272,73,2,437.96,232
12552,38,2,437.82,332
16034,195,3,437.70,142
12592,91,2,437.60,232
15553,59,1,437.23,312
16084,298,1,436.18,112
15551,36,1,436.06,312
16948,138,3,435.02,242
14910,2,4,434.35,542
14460,109,3,434.34,232
12493,165,2,433.74,232
17035,245,2,433.53,132
14157,19,2,432.88,432
16236,77,1,432.20,212
16881,66,1,432.00,312
15976,164,2,430.94,232
18106,328,1,430.70,112
12452,16,2,430.57,432
13245,50,1,430.50,312
12795,18,1,430.48,412
12827,5,3,430.15,532
14998,169,2,429.87,232
15450,29,1,429.84,412
16884,37,2,429.84,332
15230,238,2,429.60,132
15957,31,1,428.89,412
13602,64,1,428.89,312
16324,127,3,428.68,232
17869,106,5,428.18,242
15360,39,1,427.93,312
12725,370,1,427.80,112
12403,49,1,427.70,312
12740,63,1,427.60,312
12802,186,1,427.58,112
15994,54,1,427.07,312
17223,309,2,426.79,132
15930,66,1,426.63,312
14288,212,1,426.60,112
15639,133,1,425.32,212
16780,99,2,425.19,232
17134,106,2,425.00,232
17371,16,3,423.89,432
13140,107,3,423.72,232
16119,7,2,423.36,532
15012,53,2,423.04,332
18034,21,2,422.88,432
17525,358,1,422.70,112
13473,60,2,422.64,332
16689,75,2,422.60,232
18240,45,1,422.58,312
17232,2,2,421.52,532
14757,74,1,420.50,212
15206,9,4,420.30,542
14124,83,1,419.58,212
15361,361,1,418.92,112
15967,22,2,418.83,432
12593,108,3,418.10,232
17701,252,1,417.95,112
16629,73,2,417.73,232
13615,318,1,417.69,112
16737,52,1,417.60,312
12833,144,1,417.38,212
18001,11,2,417.23,532
13166,282,1,417.20,112
16816,102,4,417.06,242
13889,92,1,416.90,212
15935,238,2,416.86,132
16957,238,2,416.64,132
13085,157,2,416.08,232
15803,50,1,415.82,312
14139,45,1,415.82,312
12930,77,2,415.80,232
12580,246,1,415.70,112
15725,14,1,415.25,412
14333,67,1,415.20,312
16795,364,1,414.88,112
12993,22,4,414.76,442
16239,56,2,414.20,332
17483,64,3,414.04,332
17052,27,1,413.75,412
13974,48,1,413.59,312
16834,227,1,413.46,112
14620,205,2,412.78,132
13827,57,3,412.05,332
15523,83,1,412.01,212
16272,116,1,411.70,212
17913,58,2,411.60,332
14670,279,2,411.53,132
15186,13,2,411.41,432
15099,83,1,410.48,212
15695,266,2,409.98,132
14048,304,1,409.93,112
14348,259,1,409.57,112
12990,30,3,409.50,432
15225,233,1,409.40,112
16243,33,2,409.10,332
16018,38,2,408.90,332
15269,23,1,408.80,412
16399,18,2,408.57,432
17931,133,2,408.36,232
16010,245,3,407.50,132
15184,28,2,406.76,432
15127,65,1,406.53,312
16947,235,1,406.48,112
15342,129,1,406.09,212
14616,242,3,406.08,132
16204,22,1,405.71,412
18036,31,3,405.62,432
12922,160,1,405.38,212
17379,10,1,404.66,512
15938,111,5,404.58,242
16319,217,1,404.40,112
16484,173,2,404.30,232
12498,20,3,403.70,432
17431,312,1,403.30,122
15221,365,1,403.25,122
12386,336,2,401.90,132
15158,44,1,401.40,322
16500,4,6,400.86,552
16198,74,1,400.68,222
12792,256,1,400.54,122
17375,198,3,400.10,132
18164,36,1,399.65,322
13255,8,2,399.51,532
18154,2,2,399.19,532
15522,32,2,398.84,332
17830,1,3,398.70,532
12508,25,2,398.27,432
13352,59,1,397.98,322
15429,26,2,397.35,432
17926,132,2,397.29,232
12824,59,1,397.12,322
13594,52,1,396.97,322
13673,18,2,396.92,432
17486,260,1,396.87,122
15883,1,2,396.48,532
18067,39,1,396.33,322
16354,62,2,395.80,332
17603,77,1,394.72,222
14619,245,1,394.44,122
16207,24,1,394.38,422
15386,185,1,394.14,122
15264,63,1,393.74,322
15345,45,1,393.54,322
17226,307,1,393.49,122
14600,305,1,393.33,122
15837,64,1,391.98,322
16917,275,1,391.52,122
12982,242,1,390.54,122
17614,56,1,390.07,322
17936,4,1,389.84,522
18024,152,2,389.78,232
14752,43,1,389.64,322
13873,119,3,389.60,232
13345,287,1,389.50,122
16250,260,2,389.44,132
15847,37,2,389.27,332
12690,205,1,389.01,122
17595,11,2,388.79,532
15592,46,1,388.58,322
13899,15,2,388.52,432
13856,168,3,388.50,232
17438,253,1,388.45,122
16776,59,1,388.28,322
14538,64,2,388.25,332
17357,23,2,388.14,432
17817,3,3,387.68,542
14420,98,1,387.52,222
17508,280,1,387.31,122
14114,273,2,386.53,132
15664,50,1,386.43,322
14779,279,3,386.15,142
13821,144,2,385.64,232
17711,10,2,385.10,532
13919,58,2,384.81,332
13833,158,1,384.80,222
17250,3,2,384.52,532
17189,105,2,384.40,232
17205,53,1,384.08,322
16982,60,1,384.06,322
15048,64,4,384.05,342
12733,233,1,383.95,122
12515,352,1,383.70,122
15440,54,3,383.68,342
14304,222,1,383.45,122
15424,253,2,383.34,132
12832,31,2,383.03,432
13817,28,2,382.98,432
18181,23,1,382.80,422
17239,312,1,382.50,122
13657,10,2,382.14,532
17999,36,2,382.06,332
15090,307,1,381.32,122
16441,66,2,381.20,332
12871,83,2,380.64,232
17573,28,3,380.60,442
16930,25,3,380.55,442
17138,274,1,380.50,122
12890,23,1,380.47,422
16769,259,1,380.39,122
17031,11,2,380.35,532
14731,46,3,380.02,342
14594,6,2,379.83,532
16552,242,2,379.73,132
13656,164,2,379.65,232
13589,14,2,379.65,432
17878,43,1,379.45,322
15885,92,3,379.35,242
16909,71,1,379.14,222
13372,89,1,378.64,222
17078,35,2,378.20,332
17736,8,3,377.44,542
15025,32,1,377.01,322
17489,58,2,376.64,332
13936,179,1,376.58,122
16858,368,1,375.69,122
14448,8,2,375.35,532
14079,124,1,375.10,222
16147,133,1,375.00,222
14067,63,2,374.70,332
17492,247,1,374.57,122
12873,281,1,374.00,122
13351,65,1,373.94,322
13569,16,2,373.75,432
16321,71,5,373.65,342
16903,28,1,373.24,422
12895,41,2,372.80,332
12544,35,1,372.70,322
12981,29,2,372.22,432
16065,364,1,372.09,122
13300,168,1,371.89,222
17765,158,3,371.88,242
14690,43,2,371.70,332
18155,74,3,371.62,242
15472,112,1,371.56,222
14950,18,1,371.20,422
15975,83,1,371.01,222
15063,212,1,370.80,122
16343,15,2,370.48,432
15922,372,1,369.50,122
16758,64,1,369.34,322
14888,206,1,369.20,122
16372,32,2,367.93,332
17911,8,1,366.23,522
17358,302,2,365.85,132
17432,17,2,365.76,432
16499,359,2,365.45,132
16202,360,1,365.27,122
14886,252,1,364.80,122
15949,16,2,364.72,432
12373,310,1,364.60,122
15343,86,1,364.50,222
14528,36,1,364.22,322
12538,28,1,363.95,422
17330,22,2,363.90,432
15901,16,3,363.88,442
14171,97,1,363.79,222
16509,296,1,363.70,122
18056,287,1,363.65,122
12915,148,2,363.65,232
16485,76,1,363.65,222
14932,365,1,363.53,122
14427,49,2,363.34,332
16378,246,3,362.95,142
16052,53,1,362.06,322
13844,10,1,361.62,522
16305,138,1,361.22,222
13291,155,1,361.11,222
15872,14,2,360.93,422
16595,60,1,360.16,322
13780,6,2,360.01,522
13298,0,1,360.00,522
15120,133,1,358.82,222
17948,146,1,358.56,222
16823,226,1,358.38,122
13228,80,1,358.00,222
13976,206,1,357.98,122
16274,372,1,357.95,122
17025,60,3,357.77,342
16971,37,1,357.21,322
18040,18,2,357.20,422
13453,165,2,356.98,222
14500,87,3,356.85,242
15713,142,2,356.70,222
15247,121,1,356.00,222
15840,58,2,355.56,322
14537,57,1,355.56,322
12617,28,1,355.53,422
17742,112,2,355.11,222
13642,215,1,354.80,122
17222,64,1,354.15,322
12888,213,2,354.12,122
15870,32,1,354.09,322
12845,266,4,354.09,142
17252,116,2,353.86,222
12715,105,1,353.86,222
13173,3,2,353.65,522
13210,93,1,353.48,222
13343,177,1,353.43,222
14804,8,1,353.27,522
17976,371,1,353.19,122
15678,52,1,352.70,322
18112,11,2,352.69,522
15334,156,3,351.67,242
12566,85,1,351.65,222
15789,357,1,351.30,122
13923,53,1,351.13,322
15900,23,1,351.11,422
13332,13,1,350.90,422
13740,240,1,350.75,122
17835,2,3,350.64,542
17795,179,2,350.39,122
13108,372,1,350.06,122
12532,29,1,349.83,422
13670,74,1,349.70,222
13887,203,1,349.55,122
18250,309,1,349.27,122
15405,188,1,349.10,122
13927,74,1,348.99,222
13790,3,1,348.80,522
18127,18,3,348.73,442
12527,81,3,348.71,242
15579,68,2,348.60,322
16159,280,1,348.20,122
13052,211,1,348.15,122
14379,43,2,348.10,322
13497,282,2,348.05,122
17668,0,2,347.75,522
13062,190,1,346.98,122
13649,256,2,346.60,122
16423,24,1,346.12,422
13091,27,1,345.82,422
15781,24,3,345.46,442
17123,161,1,345.30,222
13774,81,1,345.00,222
14633,265,1,344.90,122
16978,77,1,344.33,222
17569,331,1,344.14,122
13068,9,2,344.00,522
15047,269,1,343.62,122
15520,1,1,343.50,522
18081,35,3,343.45,342
15880,368,1,343.28,122
12875,142,2,343.23,222
17201,53,1,342.63,322
16851,3,3,342.45,542
16826,50,1,341.70,322
13347,69,1,341.36,322
17917,44,3,341.28,342
14491,174,2,340.93,222
12519,63,1,340.84,322
15115,17,1,340.11,422
13737,199,1,339.60,122
17045,112,3,339.44,232
16545,164,1,339.30,222
17697,235,1,338.95,122
17839,41,1,338.80,322
16183,66,1,338.71,322
15652,90,1,337.74,222
15942,133,1,337.44,222
13930,57,2,337.34,322
17973,51,1,337.04,322
16105,248,1,336.96,122
17914,3,1,336.43,522
15619,10,1,336.40,522
17384,18,2,336.40,422
14954,11,1,336.17,522
18078,216,2,336.13,122
15921,172,1,336.03,222
18276,43,1,335.86,322
14196,106,1,335.52,222
16063,259,1,335.32,122
17221,6,2,335.13,522
12489,335,1,334.93,122
14988,211,1,334.54,122
15466,84,1,334.53,222
12350,309,1,334.40,122
15918,190,2,334.23,122
14264,154,2,333.97,222
13216,266,1,333.74,122
13727,28,2,333.48,422
16625,273,1,333.08,122
14902,25,1,332.66,422
13904,36,2,332.64,322
16850,333,1,332.41,122
16803,64,1,332.30,322
16177,49,1,331.95,322
16030,309,1,331.24,122
15210,224,1,331.18,122
16478,24,3,331.00,432
12891,185,3,331.00,132
17862,322,1,330.90,122
15714,11,2,330.88,522
13706,302,1,330.79,122
14517,32,2,330.45,322
15130,169,1,330.11,222
16593,50,3,330.03,332
12953,9,1,329.85,522
14716,42,2,329.68,322
17866,142,1,329.65,222
17615,129,3,329.60,232
13239,261,1,329.56,122
17154,74,1,329.34,222
15153,30,1,329.25,422
14012,276,1,328.80,122
16855,23,2,328.40,422
15213,317,2,328.35,122
14747,248,1,328.20,122
14206,238,1,328.16,122
16318,34,1,328.15,322
15314,198,1,327.97,122
14024,121,2,327.70,222
16366,18,1,327.30,422
14870,261,1,327.25,122
16322,0,2,326.75,522
14987,15,2,326.40,422
17715,200,1,326.40,122
16071,44,1,326.24,322
15363,371,1,326.00,122
12844,28,2,325.96,422
16830,38,1,325.91,322
14850,311,1,325.75,122
15944,276,1,325.10,122
12790,191,1,324.92,122
13801,66,1,324.80,322
15597,34,1,324.57,322
16685,60,2,324.24,322
18261,42,2,324.24,322
14555,56,2,324.14,322
15675,80,3,323.69,232
17793,24,1,323.04,422
16739,176,1,323.00,222
13955,153,2,322.96,222
16627,78,1,322.80,222
16342,74,4,322.41,242
15224,357,2,322.08,122
14424,17,1,322.08,422
14484,49,1,321.92,322
14823,179,3,321.43,132
15236,298,1,321.05,122
18117,25,1,320.72,422
16096,263,1,320.62,122
14622,184,1,320.58,122
13986,16,1,320.46,422
16674,54,2,319.61,322
15107,310,6,319.50,152
16967,188,1,319.02,122
17157,7,2,319.00,522
17229,95,2,318.76,222
17248,119,1,318.65,222
14703,14,1,318.17,422
12648,154,1,318.05,222
18066,74,1,318.00,222
17172,78,1,317.76,222
17267,126,2,317.62,222
15101,8,2,317.53,522
16386,28,2,317.20,422
15257,282,1,317.15,122
15385,39,1,316.88,322
15243,73,1,316.68,222
16761,96,1,316.62,222
15204,356,1,316.58,122
17458,14,1,316.50,422
13494,310,1,316.26,122
14479,253,2,316.25,122
16473,164,3,316.11,232
12614,277,1,315.60,122
16091,154,2,315.06,222
15766,63,1,315.06,322
17237,10,2,314.69,522
16193,236,1,314.45,122
12650,2,1,314.44,522
16227,224,1,314.22,122
15970,302,1,314.10,122
13484,240,1,313.80,122
16582,112,1,313.62,222
14729,372,1,313.49,122
13845,64,1,312.98,322
15318,3,1,312.62,522
12834,282,1,312.38,122
17362,238,2,312.23,122
17070,113,1,312.14,222
12785,363,1,311.95,122
16450,149,1,311.92,222
14142,372,1,311.81,122
15326,333,1,311.71,122
14951,78,1,311.69,222
14327,162,1,311.65,222
12852,294,1,311.55,122
13990,212,1,311.30,122
17854,184,2,311.26,122
16781,371,1,311.25,122
13897,49,1,311.16,322
17912,309,5,311.01,142
17266,1,3,310.64,532
15185,69,1,310.62,322
15308,273,1,310.47,122
14311,242,1,310.26,122
14924,245,1,310.05,122
15661,316,2,309.80,122
15699,17,1,309.65,422
16810,191,1,309.54,122
14339,242,1,309.52,122
14847,148,1,309.40,222
17604,216,2,309.36,122
12884,87,1,309.05,222
13787,75,2,309.04,222
15010,35,1,308.94,322
16956,17,1,308.74,422
13699,154,1,308.58,222
17510,24,1,308.48,422
13369,365,1,308.28,122
13466,183,1,307.90,122
15973,366,1,307.82,122
16123,51,1,307.78,322
13529,78,2,307.76,222
13395,184,1,307.72,122
13060,253,1,307.53,122
14915,90,2,307.48,222
17120,232,1,307.46,122
13932,293,1,307.40,122
13142,18,1,307.09,422
17334,301,2,307.02,122
15087,281,1,306.94,122
17551,358,1,306.84,122
16668,14,6,306.72,452
13762,218,1,306.72,122
13718,245,2,306.55,122
18059,22,3,306.46,432
15659,43,1,306.45,322
17176,201,1,306.13,122
13863,247,1,305.78,122
15219,175,1,305.75,222
16796,88,1,305.62,222
16181,72,1,305.54,222
13045,98,1,305.28,222
18220,226,1,305.28,122
12623,275,1,305.10,122
13667,148,1,305.02,222
17941,130,1,304.56,222
15163,17,2,304.47,422
16217,234,2,304.25,122
18185,248,1,304.25,122
17732,372,1,303.97,122
16400,94,1,303.93,222
13083,3,2,303.75,522
17433,87,1,303.16,222
15060,7,4,303.09,542
16425,301,1,302.70,122
14248,317,1,302.58,122
18165,176,1,302.46,222
16104,61,1,302.36,322
16292,121,1,302.25,222
17506,75,1,302.20,222
15054,11,2,302.10,522
17094,321,1,302.00,122
16297,268,1,301.90,122
16715,77,1,301.72,222
15667,39,1,301.32,322
15148,10,1,301.29,522
15623,140,1,301.03,222
13479,200,2,300.95,122
17978,364,1,300.92,122
16430,56,1,300.85,322
16479,9,2,300.83,522
14762,263,1,300.52,122
13304,350,1,300.42,122
15254,126,1,300.36,222
13745,161,1,300.04,222
18053,70,1,300.02,322
16402,263,2,299.60,122
18215,88,1,299.34,222
17124,184,1,298.89,122
15609,183,1,298.48,122
17255,40,2,298.41,322
17824,50,1,298.40,322
17678,262,1,298.11,122
12881,275,1,298.00,122
15857,18,1,297.00,422
13708,270,1,296.88,122
14985,197,2,296.75,122
17531,189,1,296.70,122
13441,91,1,296.64,222
15154,74,1,296.42,222
13751,287,1,296.25,122
13504,63,1,295.93,322
16998,149,4,295.00,242
13573,49,2,294.40,322
15732,211,2,294.12,122
17163,21,2,293.10,422
12829,336,2,293.00,122
15545,53,2,292.72,322
16721,261,1,292.47,122
13259,61,1,292.32,322
13502,16,3,292.00,432
13449,23,1,291.88,422
13544,39,2,291.41,322
14656,168,2,291.05,222
14947,71,2,290.82,222
16648,42,1,290.66,322
15279,354,1,290.51,122
17691,357,2,290.40,122
16526,171,1,290.36,222
17081,24,2,290.16,422
14784,25,2,289.99,422
17464,157,1,289.96,222
14953,24,1,289.82,422
16897,298,2,289.78,122
14162,173,2,289.36,222
16125,366,1,289.35,122
14549,310,1,289.24,122
17501,220,2,288.60,122
16808,98,2,288.42,222
15396,112,1,288.18,222
17977,28,1,288.14,422
17080,21,2,287.62,422
17760,21,2,287.59,422
16432,63,1,287.40,322
13760,53,2,286.79,322
16555,34,2,285.89,322
14660,86,2,285.74,222
17636,18,1,285.56,422
16429,105,1,284.55,222
18190,191,2,284.46,122
13121,268,1,283.73,122
13439,254,1,283.71,122
12703,70,1,283.55,322
17783,71,2,283.47,222
17251,362,1,283.28,122
18270,37,2,283.15,322
17694,141,1,283.12,222
14350,273,1,282.93,122
13754,151,2,282.60,222
13177,64,1,282.45,322
17247,14,1,282.19,422
16557,23,2,281.85,422
17403,35,1,281.62,322
16848,52,1,281.42,322
14242,234,2,280.55,122
13606,28,3,280.54,432
16149,4,2,280.52,522
14975,56,1,279.94,322
15556,23,1,279.77,422
14480,10,1,279.05,522
17786,84,2,278.74,222
14764,46,1,278.30,322
14908,73,1,277.80,222
17968,372,1,277.35,122
13803,254,1,277.07,122
15355,28,2,277.05,422
16883,186,2,276.73,122
13272,30,2,276.56,422
14508,21,2,276.42,422
12750,128,1,275.88,222
14512,187,2,275.28,122
16313,2,2,274.15,522
16727,363,1,272.82,122
17254,4,2,272.44,522
17498,75,1,272.22,222
14819,63,2,272.07,322
13917,49,2,272.04,322
14816,196,1,271.85,122
13058,24,3,271.40,432
13837,211,2,271.24,122
17767,14,1,271.20,422
17496,358,1,271.05,122
18108,253,1,271.00,122
17011,29,1,270.90,422
15774,68,1,270.80,322
13533,182,3,270.79,132
14520,1,2,270.60,522
13242,111,3,270.40,232
12558,7,1,269.96,522
14727,273,1,268.58,122
15408,263,1,267.18,122
17550,196,3,267.16,132
15320,43,1,267.13,322
17708,187,2,267.08,122
15517,232,1,267.03,122
16451,87,1,266.97,222
14863,28,1,266.76,422
15119,245,1,266.40,122
12962,6,2,266.39,522
15019,265,1,266.00,122
14068,319,1,265.85,122
17430,32,2,265.76,322
14423,217,1,265.20,122
13973,286,1,264.70,122
15912,177,2,264.62,222
14452,10,2,264.44,522
15894,252,2,263.55,122
12492,62,2,263.21,322
16936,25,1,262.68,422
17194,272,2,262.62,122
16413,56,1,262.20,322
17385,14,1,261.11,422
13189,18,2,260.68,422
14053,123,2,260.25,222
15014,42,2,260.17,322
15143,225,1,259.45,122
17125,49,1,259.35,322
13127,77,1,259.17,222
16447,135,1,259.01,222
15577,150,3,258.88,242
13277,15,4,258.40,442
13227,201,1,257.70,122
14375,184,1,257.68,122
18009,234,1,257.34,122
13626,252,1,257.23,122
16048,372,2,256.44,122
12430,42,1,256.40,322
13806,63,1,256.38,322
17896,22,1,256.32,422
14761,58,2,255.90,322
15277,46,1,255.90,322
14881,19,1,255.40,422
16226,202,3,255.12,142
15261,134,1,254.82,222
12604,78,2,254.18,222
14765,28,3,254.11,442
15689,119,2,254.10,222
12797,365,1,254.03,122
15759,217,3,253.04,142
17860,367,1,252.80,122
15035,89,1,252.73,222
13404,0,2,252.49,522
15346,332,1,252.42,122
13645,119,1,252.10,222
13711,218,2,252.06,122
16330,17,3,251.91,442
16836,39,2,251.87,322
17155,17,2,251.70,422
16976,266,1,251.52,122
16024,11,1,251.24,522
13512,260,1,251.21,122
14501,183,2,251.21,122
13207,14,2,250.26,422
16596,15,2,250.15,422
17303,360,1,250.04,111
15510,329,1,250.00,111
17456,364,1,249.86,111
18005,3,2,249.72,521
16124,316,1,249.00,111
17111,46,1,248.61,311
13061,71,1,248.61,211
18212,325,1,248.42,111
16510,371,1,248.10,111
15097,3,1,248.08,511
13592,35,4,247.96,341
18072,185,1,247.44,111
13349,10,1,247.32,511
14658,4,2,247.15,521
17051,193,1,247.14,111
15783,10,1,246.30,511
17278,240,1,246.04,111
16778,73,2,245.94,221
17771,56,2,245.81,321
12660,10,1,245.10,511
16601,40,1,244.80,311
15118,133,1,244.80,211
16528,3,1,244.41,511
17892,55,3,244.10,341
17925,372,1,244.08,111
13103,39,1,243.94,311
16793,56,1,243.84,311
18193,164,1,243.76,211
13886,70,1,243.56,311
15634,16,1,243.55,411
17339,93,2,243.36,221
17908,373,1,243.28,111
14647,200,1,243.22,111
16215,80,1,242.35,211
15776,132,1,241.62,211
14523,107,1,241.09,211
16427,262,2,241.06,121
15598,52,1,240.68,311
15286,49,1,240.55,311
13565,18,2,240.22,421
17256,106,2,240.00,221
17181,56,2,239.92,321
15690,3,2,239.76,521
13570,242,1,239.49,111
17684,43,1,239.41,311
16756,214,1,239.40,111
15850,18,2,238.85,421
12561,302,1,238.85,111
12718,70,1,238.25,311
17877,169,1,237.61,211
14586,276,1,237.36,111
15457,261,1,237.07,111
18110,19,1,236.30,411
12732,179,1,236.26,111
16026,42,1,236.09,311
13187,336,1,236.02,111
15462,93,3,234.60,241
14473,73,2,234.34,221
17060,265,1,234.24,111
16961,115,1,234.17,211
12736,332,1,234.00,111
15483,160,4,233.81,241
13348,63,1,233.76,311
16583,372,1,233.45,111
14995,38,2,233.23,321
16302,126,1,233.22,211
13678,151,1,232.60,211
18213,236,1,232.48,111
16117,189,1,232.21,111
15393,15,2,231.86,421
16641,105,1,231.10,211
18030,3,2,230.65,521
15866,100,1,230.53,211
16445,33,1,230.51,311
13786,366,1,230.40,111
16926,370,1,230.25,111
13960,20,2,230.22,421
12812,44,1,229.64,311
13474,235,1,229.59,111
13008,322,1,229.47,111
15528,253,1,229.33,111
14793,20,1,228.99,411
17347,85,1,228.96,211
13146,25,1,228.91,411
13712,246,1,228.84,111
13070,191,1,228.80,111
17969,165,2,228.20,221
16527,80,1,228.06,211
14569,0,1,227.39,511
17212,252,1,226.85,111
17572,70,4,226.75,341
16315,329,1,226.37,111
16777,79,2,226.35,221
16619,263,1,226.21,111
12672,329,1,225.90,111
17789,280,1,225.90,111
14624,56,2,225.85,321
14357,42,1,225.77,311
12402,322,1,225.60,111
16690,71,2,225.58,221
14052,19,1,225.36,411
16587,231,1,225.15,111
17171,288,1,224.91,111
15175,71,1,224.14,211
16471,274,1,223.95,111
16753,57,1,223.92,311
14929,31,1,223.88,411
13926,22,1,223.85,411
18101,10,2,223.65,521
17534,53,1,223.36,311
15637,52,1,223.36,311
13382,280,1,222.99,111
15897,193,2,222.05,121
14598,43,1,221.97,311
14960,7,2,221.27,521
16392,268,1,221.19,111
13419,63,1,221.06,311
15790,9,1,220.85,511
16482,15,1,220.62,411
18114,289,1,220.10,111
13079,3,5,220.10,541
13600,311,1,219.52,111
15096,42,1,219.39,311
16895,64,1,219.14,311
12702,19,1,219.00,411
13669,50,2,218.55,321
17619,311,1,218.52,111
13428,9,1,218.47,511
12574,315,1,218.45,111
15724,200,2,218.25,121
14570,280,2,218.06,121
16634,222,2,217.90,121
13271,36,1,217.38,311
15554,277,1,217.20,111
16080,81,2,217.16,221
13739,17,1,216.90,411
13503,70,1,216.85,311
15460,353,1,216.76,111
12897,204,2,216.50,121
15604,51,1,216.39,311
17436,1,2,216.30,521
14104,154,2,216.21,221
13858,56,1,216.17,311
16179,60,1,215.83,311
15052,318,1,215.78,111
17580,252,3,215.72,141
14476,256,1,215.70,111
16189,15,2,215.48,421
16190,39,1,215.08,311
16519,24,2,215.08,421
12831,261,1,215.05,111
12588,38,1,214.90,311
16338,156,1,214.80,211
16411,18,2,214.65,421
16846,49,1,214.32,311
16647,169,2,214.06,221
14601,10,1,213.96,511
13621,116,1,213.85,211
17153,23,1,213.78,411
14241,183,1,213.70,111
13411,106,1,213.55,211
16591,68,1,213.50,311
15540,10,1,213.30,511
14984,18,2,213.27,421
17928,44,2,212.54,321
16017,46,1,211.88,311
16356,197,3,211.77,141
15703,264,1,211.50,111
12995,84,1,211.32,211
16415,43,1,210.35,311
13532,33,1,210.31,311
13828,21,1,209.49,411
17855,372,1,208.97,111
15327,52,1,208.75,311
17514,127,1,208.65,211
16914,35,1,208.46,311
16457,217,1,208.36,111
12547,197,2,207.80,121
18191,260,1,207.80,111
16866,140,3,207.74,241
16323,195,1,207.50,111
17923,281,1,207.50,111
16752,371,1,207.50,111
13099,98,1,207.36,211
15925,193,1,207.15,111
15820,318,1,206.98,111
18126,60,1,206.83,311
17166,38,2,206.34,321
14964,246,1,206.21,111
13065,372,1,205.86,111
17670,227,1,205.70,111
17843,302,1,205.48,111
15307,95,1,205.30,211
15758,24,1,205.25,411
13513,126,1,205.10,211
15319,282,1,204.50,111
17206,52,1,204.24,311
13017,6,1,204.00,511
18273,1,3,204.00,541
17187,226,1,203.95,111
17889,211,2,203.87,121
17394,218,1,203.87,111
17891,161,1,203.86,211
17376,70,2,203.20,321
15723,364,1,203.10,111
14381,51,1,202.68,311
18169,60,1,202.65,311
14385,8,3,202.11,541
15347,365,1,201.60,111
13295,359,1,201.20,111
13284,330,1,201.19,111
16965,226,1,201.19,111
13859,325,1,201.16,111
17988,11,7,201.12,551
17693,136,1,200.47,211
13262,262,1,200.29,111
15437,261,1,200.16,111
13980,59,1,200.14,311
14782,319,1,200.10,111
13723,216,1,199.85,111
15593,70,1,199.80,311
13322,16,1,199.48,411
17383,3,1,199.29,511
16832,183,3,199.15,141
17987,184,1,198.57,111
16178,137,1,197.90,211
12450,155,2,197.88,221
12581,39,1,197.71,311
14185,330,1,197.65,111
14789,28,1,197.64,411
17301,20,1,197.63,411
16829,156,1,197.22,211
14830,52,1,197.13,311
15234,276,1,197.00,111
12586,16,1,196.94,411
13436,1,1,196.89,511
15746,133,1,196.88,211
13978,14,2,196.79,421
17660,140,1,196.00,211
16112,142,4,195.74,241
13792,65,2,195.55,321
17010,17,1,195.36,411
14666,23,1,195.25,411
15612,35,2,195.15,321
14100,137,1,194.90,211
16887,34,1,194.88,311
14087,2,1,194.42,511
17475,78,1,194.37,211
15683,116,1,193.75,211
17343,354,1,193.64,111
15198,91,2,193.64,221
16847,42,1,193.44,311
17608,32,2,193.42,321
14806,74,1,193.39,211
14801,60,1,193.14,311
13568,172,1,192.85,211
12522,38,2,192.72,321
12791,373,1,192.60,111
14768,16,2,192.60,421
15909,173,1,191.94,211
17904,20,1,191.67,411
14966,14,1,191.32,411
15692,27,1,191.04,411
17233,34,1,190.88,311
13033,356,1,190.55,111
15412,170,1,190.53,211
13972,70,2,190.25,321
17885,11,1,190.19,511
12361,286,1,189.90,111
13826,175,1,189.50,211
13663,178,1,189.47,111
18045,44,1,189.40,311
16448,197,1,188.89,111
14697,217,2,188.61,121
12893,30,1,188.14,411
17781,158,2,188.02,221
14722,146,1,187.92,211
17279,57,1,187.83,311
18013,154,2,187.29,221
17440,156,3,186.42,241
13672,300,2,186.39,121
14551,17,2,186.23,421
15567,18,1,186.01,411
12641,114,1,185.90,211
17574,242,1,185.65,111
14199,217,1,185.40,111
16097,239,1,185.05,111
13482,231,1,184.64,111
17680,23,1,184.40,411
16433,27,1,184.26,411
15124,22,2,184.19,421
14326,241,1,183.85,111
16680,42,1,183.70,311
14059,266,1,183.60,111
13460,28,2,183.44,421
13059,249,1,183.40,111
17772,10,2,182.77,521
14082,364,1,182.25,111
18119,366,1,181.12,111
15886,59,1,181.09,311
16594,74,1,181.09,211
15945,364,1,181.00,111
15292,200,1,180.94,111
16835,127,2,180.85,221
18280,277,1,180.60,111
13710,31,1,180.48,411
15041,169,1,180.35,211
13598,46,1,180.17,311
12622,231,1,180.10,111
18147,45,2,179.34,321
15895,149,1,179.17,211
15454,361,1,179.10,111
16990,218,1,179.00,111
14705,198,1,179.00,111
15139,239,2,178.96,121
16620,3,2,178.96,521
15262,322,1,178.95,111
13778,102,1,178.70,211
17879,173,1,178.52,211
17253,17,1,178.26,411
17356,311,1,178.22,111
18282,7,2,178.05,521
16403,311,1,177.50,111
13618,173,1,177.34,211
12618,21,1,177.31,411
13072,266,1,177.15,111
12923,63,1,176.97,311
17947,36,1,176.68,311
14287,7,3,176.63,541
12509,283,1,176.50,111
18274,29,1,175.92,411
17582,235,1,175.27,111
16144,246,1,175.20,111
17331,123,1,175.20,211
18010,256,1,174.80,111
14355,364,1,174.40,111
14518,63,1,174.37,311
13560,6,1,174.37,511
15335,53,1,173.97,311
18278,73,1,173.90,211
16861,59,2,173.76,321
14798,52,3,173.74,341
16565,363,1,173.70,111
12441,366,1,173.55,111
15565,49,2,173.16,321
15670,296,1,173.05,111
14693,263,1,172.90,111
18048,202,2,172.29,121
13690,58,1,172.25,311
13922,351,1,172.25,111
12442,2,1,172.06,511
14536,258,1,171.80,111
16773,56,1,171.59,311
17245,204,1,171.45,111
15432,22,1,171.19,411
17542,269,1,170.75,111
14860,18,1,170.32,411
18058,9,1,170.16,511
15016,172,1,170.04,211
16921,60,1,169.79,311
13962,21,2,169.55,421
14218,42,1,169.48,311
18004,361,1,169.47,111
12367,3,1,168.90,511
14578,2,1,168.63,511
18269,365,1,168.60,111
17367,237,1,168.40,111
15888,80,1,168.31,211
18099,126,1,168.31,211
16282,339,1,168.30,111
17737,8,2,168.24,521
15986,29,1,168.12,411
12551,357,1,168.00,111
15374,128,1,168.00,211
18088,60,1,167.67,311
17561,18,1,167.62,411
16952,108,2,167.61,221
15920,153,4,167.50,241
16405,301,2,167.25,121
18014,27,1,166.42,411
14295,39,1,166.20,311
17650,20,1,166.08,411
12817,280,1,166.04,111
14485,38,1,165.75,311
14552,151,1,165.07,211
18042,53,1,165.05,311
13470,98,2,165.00,221
15316,326,1,165.00,111
15904,7,1,164.68,511
17535,279,1,164.40,111
13603,25,1,164.34,411
12920,16,1,164.23,411
18200,105,1,163.80,211
14354,5,2,163.62,521
17110,164,1,163.30,211
13223,199,2,163.20,121
16406,18,1,163.07,411
15167,319,1,163.00,111
16517,276,1,162.70,111
15733,282,1,162.30,111
15325,103,1,162.29,211
16932,52,1,161.94,311
17600,17,1,161.67,411
15458,24,1,161.64,411
16113,182,1,161.38,111
14362,21,1,161.20,411
14204,1,1,161.03,511
14089,56,1,161.00,311
14237,372,1,161.00,111
13229,225,1,160.95,111
15852,186,2,160.71,121
17344,45,1,160.57,311
12573,226,1,160.54,111
18203,156,1,160.42,211
18146,140,2,160.35,221
14714,23,1,160.19,411
12966,9,1,160.18,511
13420,149,2,159.85,221
16213,78,1,159.00,211
18224,263,1,158.95,111
13937,168,1,158.85,211
17165,283,1,158.68,111
15160,356,1,158.16,111
15348,71,1,158.04,211
15988,18,1,158.03,411
17556,205,1,157.90,111
14799,50,1,157.70,311
14148,233,1,157.20,111
17128,333,1,157.09,111
14585,49,1,157.05,311
17118,316,1,157.02,111
15007,158,1,156.91,211
14406,118,1,156.75,211
15438,130,1,156.58,211
15263,106,1,156.51,211
13898,325,1,155.93,111
17871,204,1,155.90,111
17899,158,1,155.80,211
14813,368,2,155.43,121
17832,49,1,155.37,311
12738,371,1,155.35,111
16720,25,1,155.24,411
15447,330,1,155.17,111
13809,304,1,155.05,111
14368,319,1,155.00,111
14046,283,1,154.99,111
17698,260,1,154.95,111
15740,48,1,154.88,311
17026,184,2,154.83,121
15226,310,1,154.41,111
17517,308,1,153.94,111
17286,21,1,153.92,411
16351,332,1,153.90,111
12602,58,1,153.12,311
17714,320,1,153.00,111
16248,61,1,152.94,311
17984,144,1,152.68,211
18138,294,1,152.65,111
14066,265,1,152.55,111
17707,184,2,152.40,121
14039,32,1,152.20,411
13514,73,1,152.20,211
17898,84,2,152.06,221
16617,235,1,151.85,111
16412,53,1,151.83,311
14208,94,1,151.74,211
13462,252,1,151.50,111
16461,177,1,151.42,211
13697,38,1,151.30,311
16337,36,1,151.05,311
14073,31,1,151.04,411
15717,233,1,150.30,111
17234,182,1,149.89,111
15869,276,2,149.64,121
17946,232,2,149.58,121
18262,139,1,149.48,211
15748,39,1,149.31,311
15435,21,1,149.29,411
13003,105,3,149.05,241
17549,23,2,148.86,421
15526,32,2,148.44,321
17859,304,1,148.21,111
14968,29,1,147.59,411
14098,36,1,147.35,311
14037,175,2,147.20,221
12864,137,1,147.12,211
15503,362,1,147.09,111
17030,63,1,146.87,311
14238,325,1,146.85,111
16893,365,1,145.93,111
12565,288,1,145.92,111
17935,137,2,145.79,221
13866,73,1,145.67,211
15937,63,1,145.35,311
16598,285,1,145.05,111
17524,360,1,145.00,111
16852,9,2,144.91,521
12974,197,1,144.80,111
14109,72,1,144.20,211
17186,46,2,144.00,321
12587,7,1,144.00,511
17578,217,1,143.46,111
15705,200,1,143.10,111
16287,169,1,142.50,211
13299,267,1,142.50,111
13584,305,1,142.40,111
14386,296,1,142.40,111
13561,215,1,141.86,111
14041,265,1,141.41,111
15388,269,1,140.54,111
13483,65,1,140.34,311
14494,25,1,139.56,411
16483,191,1,139.35,111
17718,231,1,139.35,111
14772,111,1,139.26,211
18209,28,1,139.10,411
15135,238,1,139.05,111
13273,112,1,138.98,211
12902,263,1,138.68,111
14581,16,1,138.60,411
17122,118,1,138.32,211
13716,268,1,138.28,111
15663,105,1,138.14,211
12512,65,2,138.03,321
16050,173,1,137.90,211
13279,77,1,137.75,211
17709,169,1,137.45,211
15836,49,1,137.37,311
14483,281,1,137.10,111
17468,9,2,137.00,521
15691,251,1,136.80,111
14247,277,1,136.77,111
17972,241,1,136.04,111
16462,73,3,136.00,241
12968,111,1,135.95,211
15042,198,1,135.93,111
14889,335,1,135.90,111
15419,24,1,135.86,411
15174,322,1,135.75,111
16114,170,1,135.75,211
16665,361,1,135.40,111
15276,65,1,135.31,311
12851,96,1,135.18,211
13364,70,1,134.96,311
16055,220,1,134.80,111
14340,218,1,134.70,111
15562,351,1,134.55,111
14174,32,1,134.46,311
12837,172,1,134.10,211
14280,196,1,134.04,111
16424,190,1,133.56,111
14349,9,1,133.50,511
12445,21,1,133.40,411
17881,303,1,133.35,111
15709,283,1,133.25,111
17647,64,1,133.06,311
17785,52,1,131.94,311
14438,305,1,131.90,111
17297,16,1,131.78,411
17455,203,1,131.70,111
14795,165,1,131.45,211
15844,45,1,130.74,311
16679,365,1,129.75,111
16611,185,1,129.49,111
16623,245,1,129.45,111
16828,92,2,128.50,221
17359,10,1,127.86,511
15543,287,1,127.86,111
13781,250,1,127.84,111
15578,161,1,127.10,211
15923,371,1,127.08,111
14962,270,1,126.70,111
16414,21,2,126.25,421
15463,28,1,126.14,421
16988,4,1,126.12,521
12814,101,1,125.92,221
13522,29,1,125.80,421
14861,51,1,125.79,321
14890,253,1,125.65,121
15017,33,1,125.58,321
12531,14,1,125.22,421
17148,51,1,124.88,321
16849,186,1,124.57,121
16569,2,1,124.20,521
14495,50,2,123.80,321
16658,367,1,123.24,121
15917,247,1,123.10,121
17967,371,1,123.07,121
13519,77,1,122.75,221
13876,63,1,122.70,321
14413,361,1,122.70,121
13638,15,1,122.64,421
14165,274,1,122.54,121
14076,128,1,122.47,221
16073,296,1,122.40,121
18018,107,2,122.14,221
13244,92,1,121.74,221
13182,44,1,121.18,321
15049,272,1,121.17,121
15512,155,2,121.00,221
13002,317,1,120.95,121
17446,176,2,120.90,221
18015,3,1,120.03,521
14259,141,1,120.00,221
14314,106,1,120.00,221
14453,189,1,119.93,121
16542,53,1,119.62,321
15266,337,1,119.30,121
16666,18,1,118.98,421
15843,303,1,118.95,121
17079,77,1,118.80,221
14155,265,1,118.75,121
13581,308,1,118.00,121
13193,60,1,117.88,321
12929,310,1,117.85,121
17654,276,1,117.55,121
16959,86,1,117.35,221
13877,85,1,117.24,221
17117,287,1,116.20,121
13170,26,1,116.01,421
17601,238,1,116.01,121
14143,133,1,115.80,221
15350,372,1,115.65,121
13067,81,1,115.46,221
18027,98,1,115.31,221
14972,127,1,114.77,221
13188,10,1,114.60,521
14632,262,1,114.56,121
16247,169,1,114.56,221
14974,36,1,114.39,321
17852,11,2,114.34,521
17219,31,1,114.23,421
14652,76,1,114.18,221
12938,25,1,114.14,421
14582,40,1,114.11,321
12651,333,1,114.00,121
14457,310,1,113.64,121
17217,233,1,113.50,121
15445,263,1,113.50,121
18105,37,1,113.48,321
16913,289,1,113.44,121
15280,171,1,113.12,221
14689,208,1,112.80,121
16697,240,1,112.75,121
13161,312,1,112.75,121
13807,366,1,112.60,121
18129,242,1,112.55,121
15610,51,1,112.46,321
17038,29,1,112.40,421
14271,225,1,112.32,121
17893,224,1,112.25,121
17900,189,2,112.20,121
12756,86,1,112.08,221
17274,34,1,111.98,321
17957,65,1,111.68,321
17887,128,1,111.35,221
18120,213,1,111.15,121
13508,243,1,110.97,121
13144,332,1,110.95,121
15537,162,1,110.92,221
15853,51,1,110.80,321
17349,178,1,110.75,121
16963,186,1,110.55,121
14641,21,1,110.46,421
12734,351,1,110.40,121
18277,57,1,110.38,321
16792,281,2,110.38,121
17901,28,1,110.38,421
17746,239,1,110.25,121
17836,46,1,110.21,321
16339,283,1,109.95,121
13133,273,2,109.80,121
16363,52,1,109.36,321
14699,213,1,109.13,121
14345,38,1,108.98,321
17639,275,1,108.50,121
16106,65,1,108.38,321
13226,272,1,108.21,121
12956,305,1,108.07,121
14661,26,1,107.95,421
16784,19,1,107.60,421
15395,324,1,107.45,121
16757,317,1,106.83,121
15168,25,1,106.56,421
15070,372,1,106.20,121
17791,29,1,106.10,421
16581,182,1,105.84,121
15775,244,1,104.90,121
14027,60,1,104.82,321
15607,335,1,104.76,121
15958,73,1,104.35,221
18174,6,1,104.00,521
18255,88,1,103.30,221
17548,233,1,103.30,121
14542,185,1,103.25,121
17962,141,1,102.83,221
18011,372,1,102.79,121
14836,9,3,102.45,541
14981,245,1,102.12,121
13948,360,1,102.00,121
15212,240,1,101.80,121
18068,288,1,101.70,121
16516,29,1,101.70,421
17643,372,1,101.55,121
16006,210,1,101.40,121
18086,273,1,101.34,121
13101,233,1,101.19,121
16344,157,1,101.10,221
16498,160,2,100.97,221
14946,13,1,100.90,421
17427,71,1,100.80,221
14371,294,1,100.50,121
13703,317,1,99.50,121
17939,159,1,99.14,221
15256,148,1,98.45,221
17538,25,1,98.42,421
17895,43,1,98.00,321
18033,64,1,97.97,321
15422,322,2,97.70,121
12984,18,1,97.50,421
17325,279,1,96.80,121
15216,87,1,96.60,221
14642,58,1,96.12,321
17024,44,3,95.85,331
18249,16,1,95.34,421
12548,165,1,95.20,221
16387,322,1,94.36,121
13651,34,2,94.20,321
15397,289,1,94.00,121
15428,14,1,93.78,421
18227,217,1,93.75,121
13283,59,2,93.66,321
17991,224,2,93.35,121
12821,213,1,92.72,121
14054,64,1,92.46,321
12789,64,1,91.85,321
13551,318,1,91.80,121
13160,21,1,91.80,421
12659,29,1,91.68,421
15488,92,1,91.32,221
13947,64,1,90.60,321
14353,214,1,90.60,121
18084,15,1,90.48,421
16506,19,2,90.30,421
15552,216,1,90.12,121
16597,3,1,90.04,521
14117,143,1,90.00,221
14219,3,1,89.94,521
14760,296,1,89.20,121
12686,371,1,89.14,121
14436,98,1,89.06,221
12353,203,1,89.00,121
15083,256,1,88.20,121
15180,366,1,87.50,121
13296,136,1,87.40,221
15541,113,1,85.13,221
13841,252,1,85.00,111
15729,212,1,85.00,111
13666,59,3,84.65,331
12401,302,1,84.30,111
17309,94,1,82.75,211
13006,55,1,81.57,311
17620,59,1,81.44,311
18281,180,1,80.82,111
16789,7,1,80.80,511
13967,145,1,80.70,211
17752,358,1,80.64,111
13747,373,1,79.60,111
15753,303,1,79.20,111
16078,283,1,79.20,111
17942,7,1,77.50,511
14785,9,2,77.40,521
13132,260,1,77.30,111
13992,29,1,76.80,411
14373,357,1,76.55,111
13106,132,1,76.50,211
17536,176,1,76.50,211
14090,324,1,76.32,111
18113,367,1,76.32,111
16148,295,1,76.32,111
15668,217,1,76.32,111
17995,280,1,76.10,111
17628,80,1,75.75,211
16610,218,1,75.66,111
13403,17,1,75.00,411
16468,73,1,74.90,211
13095,70,1,74.40,311
18050,358,1,74.40,111
17960,170,1,73.78,211
18032,333,1,73.50,111
12506,232,1,73.50,111
16171,58,1,73.20,311
17906,246,1,72.90,111
13686,182,1,72.00,111
13938,34,1,71.66,311
17747,112,1,71.40,211
13185,266,1,71.40,111
17022,30,1,71.00,411
18037,153,6,70.02,251
15863,25,2,68.84,421
14393,217,1,67.95,111
13684,285,1,67.23,111
17382,64,1,65.40,311
13130,93,1,64.00,211
13302,154,1,63.75,211
17263,207,1,63.44,111
12665,324,1,63.00,111
14437,365,1,63.00,111
14840,266,1,62.85,111
13218,126,1,62.64,211
15516,44,3,62.43,331
13194,135,1,60.70,211
17174,217,1,59.90,111
13391,203,1,59.80,111
13682,186,1,59.50,111
14957,252,1,58.49,111
13080,178,1,58.08,211
17775,254,1,56.40,111
15899,368,1,56.25,111
13366,49,1,56.16,311
16349,289,1,53.50,111
15504,80,1,52.83,211
13832,18,1,52.20,411
14865,6,2,52.20,521
14682,187,2,52.00,121
15313,109,1,52.00,211
17844,106,1,51.56,211
14351,164,1,51.00,211
13011,371,1,50.55,111
18184,14,1,49.80,411
14821,366,1,48.80,111
15603,78,1,48.48,211
16257,176,1,46.95,211
14080,32,1,45.60,311
15423,37,1,43.50,311
14300,18,1,43.20,411
15992,3,1,41.99,511
15178,259,1,40.50,111
14589,371,1,39.75,111
12977,155,1,39.24,211
16659,188,1,39.12,111
18019,51,1,38.45,311
12855,372,1,38.10,111
16162,251,1,37.40,111
17816,36,4,36.56,341
15940,310,1,35.80,111
16856,14,1,35.40,411
14576,371,1,35.40,111
17831,32,1,35.40,321
15744,77,1,34.80,221
16765,293,1,34.00,121
17408,162,1,32.65,221
13120,238,1,30.60,121
15657,22,1,30.00,421
17102,261,1,25.50,121
18268,133,1,25.50,221
17986,55,1,20.80,321
16953,29,1,20.80,421
16093,106,1,17.00,221
13307,119,1,15.00,221
15823,371,1,15.00,121
17763,262,1,15.00,121
16878,83,1,13.30,211
17956,248,1,12.75,111
16454,44,2,6.90,321
14792,63,1,6.20,311
16738,297,1,3.75,111
13256,13,1,0.00,411
